book_id,author,gender_prop_Male,gender_prop_Female,gender_prop_Unknown,role_prop_Protagonist,role_prop_Antagonist,role_prop_Support,role_prop_Major_Support,role_prop_Narrator,role_prop_Minor,role_prop_Inactive,n_nodes,n_edges,density,deg_mean,deg_std,deg_max,clustering,transitivity,emb_0,emb_1,emb_2,emb_3,emb_4,emb_5,emb_6,emb_7,emb_8,emb_9,emb_10,emb_11,emb_12,emb_13,emb_14,emb_15,emb_16,emb_17,emb_18,emb_19,emb_20,emb_21,emb_22,emb_23,emb_24,emb_25,emb_26,emb_27,emb_28,emb_29,emb_30,emb_31,emb_32,emb_33,emb_34,emb_35,emb_36,emb_37,emb_38,emb_39,emb_40,emb_41,emb_42,emb_43,emb_44,emb_45,emb_46,emb_47,emb_48,emb_49,emb_50,emb_51,emb_52,emb_53,emb_54,emb_55,emb_56,emb_57,emb_58,emb_59,emb_60,emb_61,emb_62,emb_63
0,AbdullahHussain,0.65789473,0.20175439,0.14035088,0.00877193,0.01754386,0.23684211,0.0,0.0,0.7368421,0.0,114.0,163.0,0.025306629,2.8596492,5.9188623,28.0,0.20373498,0.6273913,0.66224194,0.30542943,0.4826111,0.14315319,0.249698,-0.12734947,-0.059165295,0.03384851,-0.14598334,0.45646372,0.6188964,0.2962,1.5132642,0.042325456,0.9183912,0.14416263,0.96570414,0.56289244,-0.25438952,0.42994016,-0.0393437,0.7992707,0.7855717,-0.33776453,-0.13887484,0.2574185,0.45525602,1.711976,0.8948055,0.78561664,-0.5827255,0.7008952,-0.070295274,0.70790714,0.09798008,0.25355592,0.56724256,1.3643514,-0.3285844,0.25500482,-0.09679733,0.1798529,0.108297266,0.2168196,0.27828944,0.4574696,0.40012175,-0.6698022,1.6807349,0.23180208,0.5928578,-0.46037287,0.44318262,0.49757102,-0.23972017,0.4334978,0.3937169,-0.26519755,1.447758,0.6886913,-0.043283384,0.2652106,-0.13582923,0.63538194
1,AbdullahHussain,0.8597561,0.1097561,0.030487806,0.0121951215,0.042682927,0.5304878,0.0,0.0,0.41463414,0.0,164.0,1415.0,0.10586563,17.256098,19.356295,129.0,0.6827075,0.37976733,-0.6276121,1.6402823,0.93676174,0.7250825,-0.70487326,0.91661155,1.3135296,-0.84085774,0.60900366,-0.75398403,-0.83205414,-0.8342192,-0.73170835,2.4968946,2.4176986,-0.4423231,-0.4172963,1.2862086,-0.9303546,2.3350062,-0.8027493,-0.81392866,-0.8200833,0.38087416,0.26389635,0.51991177,3.869626,-0.6704001,-0.7632727,1.4020616,-0.842397,-0.8373312,-0.7271331,0.6695659,3.3092034,0.54130757,-0.61174923,-0.71074355,-0.38304704,3.398689,-0.18358333,1.3301781,1.2867059,2.1885526,1.7370688,3.4427505,4.1337557,-0.58999634,-0.68740916,-0.08483436,-0.750716,-0.9258017,-0.7843186,-0.79340976,0.7192764,-0.79322505,1.5807147,0.80179036,-0.72022897,-0.7889396,-0.06829742,0.44742203,0.21607703,0.4958578
2,AbdullahHussain,0.59477127,0.28104576,0.12418301,0.03267974,0.013071896,0.34640524,0.0,0.03267974,0.5751634,0.0,153.0,572.0,0.049191605,7.477124,11.832207,71.0,0.46960157,0.38189387,0.09794222,0.8493131,0.8470101,0.3726081,-0.22137862,0.5052024,0.5013762,-0.37198567,0.1507333,-0.12292045,-0.01116468,-0.17660731,0.46126136,1.1301893,1.3710018,0.08846609,0.21913905,0.785923,-0.5435223,1.4866812,-0.42610404,0.080412626,0.002192131,-0.022997385,0.2647559,0.24944209,1.876702,0.5850673,0.10871972,0.8728245,-0.64597803,0.027665332,-0.34876853,0.6679018,1.5551662,0.32919464,0.026026607,0.31794167,-0.26448032,1.254324,-0.092315935,0.6577415,0.66510004,1.0490009,0.903775,1.8715585,1.9049875,-0.55534464,0.59088385,0.1421276,-0.07660942,-0.60811484,-0.10698756,-0.20000178,0.17842989,-0.16240741,0.8753628,0.29619545,0.38528752,0.036301874,0.29847002,0.38469917,0.15882137,0.31130758
3,AbdullahHussain,0.7209302,0.27906978,0.0,0.046511628,0.023255814,0.25581396,0.0,0.0,0.6744186,0.0,43.0,45.0,0.049833886,2.0930233,3.6011236,13.0,0.2767864,0.6859756,0.43677104,0.4280698,0.409161,0.18728529,0.09169845,-0.0625461,-0.0649143,-0.10832609,-0.18230653,0.3564399,0.52819574,-0.074325316,1.1559129,0.30695486,0.82538986,0.33204997,0.7845014,0.6753676,-0.25271845,0.5979594,-0.13197054,0.49869862,0.6010286,-0.44898123,-0.1610719,0.028370453,0.71280086,1.3504821,0.5818679,0.69027084,-0.54778093,0.65987754,-0.14970489,0.6104248,0.36830667,0.12312814,0.4237718,1.1104093,-0.3077459,0.36942425,0.04405063,0.24615538,0.4451157,0.37128592,0.30988723,0.75748783,0.7287845,-0.6790859,1.3218654,0.24566919,0.4947101,-0.52728724,0.18949395,0.40277287,-0.34020177,0.35647354,0.46899435,-0.12543395,1.2264096,0.3415435,0.1367985,0.44612566,0.105644405,0.3653855
4,AbdullahHussain,0.71875,0.25,0.03125,0.0625,0.0,0.28125,0.0,0.0,0.65625,0.0,32.0,28.0,0.05645161,1.75,2.524876,8.0,0.3032738,0.68292683,0.38687146,0.25802863,0.8683424,0.055334978,0.020219298,0.19848362,-0.17798072,-0.18013223,-0.12069558,0.23538212,0.34264928,-0.11396111,0.96258366,0.015905371,0.6835481,0.41019398,0.6465149,0.6892693,-0.37687814,1.2049105,-0.18258467,0.35327044,0.42038593,-0.31977051,0.23115042,-0.0055717677,0.41921014,1.1260335,0.45284784,0.5287441,-0.5847334,0.4215736,-0.21581134,0.44260627,0.4148845,0.03314164,0.3283578,0.91636014,-0.35466567,0.20063193,-0.1372729,0.60243607,1.1010369,0.47371843,0.23391339,0.7175236,0.7145596,-0.6837353,1.1015667,0.3355904,0.35307866,-0.5740819,0.1267267,0.27767888,-0.3577703,0.22536352,0.4351761,0.047383014,0.99050164,0.26756293,0.28929204,0.60653186,0.5943212,0.22893211
5,AbdullahHussain,0.765625,0.2109375,0.0234375,0.03125,0.015625,0.2578125,0.0,0.0078125,0.6875,0.0,128.0,549.0,0.06754429,8.578125,10.895534,69.0,0.56645334,0.34444633,-0.29175186,1.6410607,-0.4269568,0.61595726,-0.45760387,0.81984013,1.118922,-0.6371456,0.7869021,-0.433762,-0.473324,-0.6113163,-0.24049273,2.2571108,2.080668,-0.5067453,-0.057679273,0.5773997,-0.7540684,0.8745743,-0.60666394,-0.4630276,-0.46202576,-0.19046283,-0.43548316,0.5004691,3.4612973,-0.12161869,-0.39199978,1.2152026,-0.70442826,-0.45116612,-0.54003286,0.8039938,2.3731172,0.5978808,-0.27771705,-0.22518417,-0.27055737,2.0343952,-0.08868157,-0.5128903,-0.30442432,1.4341435,1.5088073,2.8373916,2.6168094,-0.43186978,-0.14421031,-0.32363987,-0.40232348,-0.79779434,-0.49767333,-0.4700694,0.45900095,-0.46620294,1.560518,0.54847705,-0.2125923,-0.4780641,0.3402809,-0.06533228,-0.5733575,-0.093683094
6,AbdullahHussain,0.8780488,0.085365854,0.036585364,0.0,0.0,0.048780486,0.0,0.0121951215,0.9390244,0.0,82.0,245.0,0.07377296,5.97561,8.596619,75.0,0.7449512,0.28877383,-0.059407003,2.5738132,-0.7702161,2.248965,-0.41444573,0.92201877,2.2927542,-0.70662785,1.7928327,-0.5004421,-0.77156144,-0.7588538,-0.62249315,2.0855207,3.4881473,-0.77177215,0.23355661,-0.2901527,-0.8789924,-0.24224614,-0.6542094,-0.7645093,-0.76081246,0.18985167,-0.68428814,1.6002724,4.081854,-0.4815356,-0.6177392,2.5103586,-0.5996715,-0.7588259,-0.074315555,1.1299484,1.8570834,1.1991144,0.10008225,-0.576449,0.31205654,2.1478918,-0.27979502,-0.84417456,-0.77132696,1.6417562,3.76297,2.6398983,2.0500884,0.02547371,-0.5163884,-0.58354664,-0.5338057,-0.87187445,-0.5609693,-0.65215784,0.355004,-0.5814401,2.401231,0.26826736,-0.6173332,-0.75980157,-0.07794101,-0.3102555,-0.8193179,-0.2116916
7,AshfaqAhmed,0.6769231,0.30769232,0.015384615,0.015384615,0.015384615,0.42307693,0.0,0.03076923,0.5153846,0.0,132.0,397.0,0.045917187,6.0151515,10.332345,56.0,0.35317174,0.4468297,0.23691751,0.31004792,0.9626466,0.08981082,-0.07016423,0.26230487,0.012202639,-0.23399995,-0.17251985,0.123670824,0.2991753,-0.13882284,0.816148,0.5910894,0.8826449,0.25451693,0.52346766,0.9424846,-0.38373446,1.5232465,-0.25831825,0.28970817,0.31560963,-0.24355507,0.20490062,-0.009197084,1.1156027,1.0260054,0.3803008,0.6933522,-0.64878315,0.38287377,-0.26118526,0.5676657,1.1400223,0.055094037,0.24056026,0.7804132,-0.44083083,0.9203979,-0.15966691,0.8566517,1.0084592,0.8523298,0.36020476,1.3489898,1.5627285,-0.72549385,0.9983434,0.28641796,0.24912637,-0.5846554,0.057782028,0.12875353,-0.046790313,0.1317953,0.40153003,0.17824124,0.8696718,0.17875208,0.11416214,0.55692387,0.39305794,0.4033395
8,AshfaqAhmed,0.6,0.09090909,0.3090909,0.018181818,0.018181818,0.09090909,0.0,0.009090909,0.8636364,0.0,125.0,129.0,0.016645161,2.064,4.603901,29.0,0.192044,0.46374828,1.0264822,0.5478567,0.30473298,0.62988746,0.38934952,-0.21549578,0.30737817,0.09502015,0.30376306,0.40972406,0.46046957,0.64783067,1.5602723,0.2790373,1.4924147,-0.2384184,1.2791119,0.44629055,-0.4286416,-0.20775919,0.03497817,0.90118927,0.70409924,-0.27955514,-0.30721146,0.98391616,0.6700121,1.8687793,1.1206282,1.2263736,-0.6208393,0.3904408,0.041929062,0.98597544,0.17237721,0.7340653,0.7502901,1.4302917,-0.25990096,0.6085508,-0.3141838,-0.20597824,-0.48071554,0.35980952,0.8696057,0.35281718,0.2744838,-0.5852603,1.7935596,-0.04258415,0.6283372,-0.46545747,0.67531013,0.43289876,-0.17775656,0.3953075,0.36467025,-0.15263106,1.409801,0.91539884,-0.38907763,0.032583438,-0.5249152,0.7788318
9,AshfaqAhmed,0.6056338,0.31690142,0.07746479,0.049295776,0.03521127,0.43661973,0.0,0.0070422534,0.471831,0.0,142.0,353.0,0.035261214,4.971831,8.084016,76.0,0.42042777,0.34707052,0.039590526,0.71381336,0.18099746,0.016217954,-0.2129279,0.46290654,0.29152447,-0.36845163,0.016837237,-0.05481892,0.08518853,-0.29135776,0.4869382,1.1205798,1.1783525,0.0072326325,0.23793177,0.72265047,-0.47046247,1.0368738,-0.39536056,0.06819863,0.07562111,-0.41749904,-0.21161206,-0.011380129,1.9394732,0.6422484,0.107597716,0.6443746,-0.6248117,0.17099166,-0.37938324,0.6611341,1.362473,0.1678059,0.029426474,0.42152962,-0.39304754,0.9874818,0.059608042,-0.08211585,0.2773686,0.83197,0.44157785,1.6485823,1.6361732,-0.6151545,0.63633937,-0.0048931562,0.011380805,-0.6010797,-0.13189906,-0.08579775,0.1533253,-0.06417375,0.82300085,0.2896926,0.50787514,-0.018584533,0.30099037,0.25458026,-0.18311648,0.16691661
10,AshfaqAhmed,0.8150289,0.1849711,0.0,0.0,0.0,0.046242774,0.0,0.0057803467,0.9479769,0.0,173.0,35.0,0.0023524668,0.40462428,1.7298406,8.0,0.050578035,0.9705882,0.92898947,0.12244455,1.9872195,0.4386024,0.52767813,-0.6385543,-0.1214393,0.22944427,0.1110207,0.8418087,0.96778816,0.30356592,1.9418118,-0.5621984,0.9947463,0.6908582,1.5244756,0.8276165,-0.07779362,1.3491316,0.22830112,1.0241002,1.1830404,0.1766697,0.9803193,0.3803213,-0.62612027,2.2709572,1.2584844,1.0896392,-0.50996065,1.094411,0.15814261,0.9399067,-0.6749504,0.27106157,1.0001684,2.009797,-0.2723359,0.012929627,-0.29761228,1.9998165,1.5270205,0.1617987,0.5410075,-0.6020066,-0.56493837,-0.6415128,2.1798284,0.6986122,1.0765624,-0.46693262,0.6746203,0.9963804,-0.5590158,0.8650279,0.020067638,-0.465962,2.088593,1.0288056,-0.3994386,0.7019057,1.08533,0.77996886
11,AshfaqAhmed,0.6805556,0.25,0.06944445,0.11111111,0.020833334,0.2013889,0.0,0.0069444445,0.6597222,0.0,144.0,101.0,0.009809635,1.4027778,2.8947256,25.0,0.24272877,0.42391303,0.5240791,0.40413392,0.46956098,0.1946351,0.13850482,0.070628405,-0.00916764,-0.059851546,-0.00390818,0.38945273,0.60936874,0.061468747,1.3021361,0.20363985,1.0066154,0.22562408,0.804315,0.5374963,-0.2268206,0.54052365,-0.12014952,0.6254279,0.6768582,-0.3940969,-0.073404625,0.14492756,0.72631043,1.4628376,0.66948396,0.6926854,-0.53077614,0.7286085,-0.122469135,0.655687,0.26227057,0.18793035,0.4692953,1.166277,-0.29289043,0.22012216,-0.053720366,0.07041912,0.23419493,0.24905501,0.40270957,0.53196895,0.485546,-0.6127315,1.458862,0.17454194,0.49951446,-0.4684097,0.28494436,0.41390038,-0.28094032,0.37977,0.58300906,-0.113175035,1.2932446,0.48299536,0.041302018,0.224487,-0.05181422,0.39441267
12,AshfaqAhmed,0.71875,0.28125,0.0,0.03125,0.0,0.0625,0.0,0.03125,0.875,0.0,32.0,6.0,0.012096774,0.375,0.99215674,3.0,0.125,1.0,0.7346555,0.2919584,0.47441876,0.37148148,0.37390742,-0.39241374,-0.04614021,0.13511446,0.018172491,0.7421248,0.94804746,0.11874411,1.8078277,-0.34426254,1.0313159,0.30653524,1.1981827,0.4176404,-0.030098036,0.13357374,0.08923992,0.9164067,1.124647,-0.34677827,-0.08942415,0.20648046,-0.08006135,1.9797505,0.99509114,0.9520903,-0.48706916,1.1503623,0.035072036,0.79300183,-0.43681306,0.22703558,0.7558406,1.7341355,-0.24134602,-0.010482449,-0.13545866,0.17239587,-0.06640512,0.044123083,0.55730575,-0.14395863,-0.27269325,-0.62631685,1.9537817,0.24265005,0.8797396,-0.44773576,0.47339857,0.8667636,-0.47635597,0.7374555,0.3193181,-0.46771815,1.8857411,0.6866338,-0.18126048,0.16914433,-0.09206167,0.51220566
13,BanoQudsia,0.35443038,0.5822785,0.06329114,0.025316456,0.025316456,0.21518987,0.0,0.0,0.73417723,0.0,79.0,148.0,0.04803635,3.7468355,3.705857,19.0,0.45016444,0.56902003,-0.2601885,0.21676612,1.2356657,-0.56648076,-0.42224362,0.9598032,-0.5009455,-0.4959361,-0.16784167,-0.20991442,-0.060443915,-0.4735374,0.3212711,1.1361468,-0.20782167,0.5792381,-0.2165773,0.9200029,-0.52098453,2.5425107,-0.5707939,-0.10032808,-0.029863965,-0.09322029,0.7708533,-0.45141017,1.452015,0.2443637,-0.1925051,-0.30898875,-0.66734403,0.06862323,-0.58856034,-0.07688164,1.8001813,-0.30950198,-0.33882198,0.088439375,-0.54085964,0.4824705,-0.19673726,0.4440409,1.2958721,0.97595805,-0.46302345,2.0822465,1.8741103,-0.65912503,0.3015162,0.35513183,-0.27442527,-0.6571301,-0.37902212,-0.23304053,0.20824553,-0.27484077,0.5637137,0.7904802,0.22142628,-0.1751295,1.203247,0.6131656,0.81813014,-0.19956613
14,BanoQudsia,0.47368422,0.5263158,0.0,0.10526316,0.05263158,0.2631579,0.0,0.0,0.57894737,0.0,19.0,15.0,0.0877193,1.5789474,2.3241477,5.0,0.31578946,1.0,0.12676139,-0.45667082,2.778766,-0.33491793,-0.0809348,0.41668817,-0.5548971,-0.12271113,-0.5176715,0.38428366,0.87028813,-0.21283264,1.3681145,-0.5210013,-0.063027404,1.2362432,0.31794003,1.2204885,0.03051072,2.9216416,-0.29837695,0.64470327,0.83387613,0.15231039,1.4816529,-0.36829415,-0.5808168,1.3210406,0.42218202,-0.008137565,-0.54612523,1.1887592,-0.29690436,0.28126663,0.62753206,-0.344296,0.16233328,1.0246311,-0.54630476,0.1347789,-0.24329185,2.4869518,2.8331058,0.54194605,-0.28309238,0.5002859,0.88710123,-0.7526965,1.4188508,0.9658488,0.351379,-0.38659203,0.04129022,0.3840824,-0.36669648,0.35792443,-0.30920976,0.26629314,1.3243109,0.37879795,0.52277184,1.1104532,2.0523684,0.2139166
15,BanoQudsia,0.44827586,0.55172414,0.0,0.06896552,0.03448276,0.13793103,0.0,0.0,0.7241379,0.0,29.0,49.0,0.12068965,3.3793104,3.336463,17.0,0.47057375,0.3561151,-0.57615143,0.38018394,0.9416108,-0.6864391,-0.62425405,1.4846785,-0.59200233,-0.69637805,-0.17896397,-0.45414165,-0.42212856,-0.7807724,-0.24662165,1.4553039,-0.4297231,0.5833103,-0.5465967,0.76084816,-0.68535525,2.8464203,-0.7090337,-0.50901043,-0.4201441,-0.10778555,0.7406877,-0.69256693,1.9551433,-0.3119185,-0.57493466,-0.56375897,-0.65003014,-0.32171214,-0.73447526,-0.45275876,2.2163517,-0.45339945,-0.598642,-0.36568558,-0.49648085,0.25371397,-0.1920115,0.10193798,1.4432487,0.99346596,-0.54898655,2.7019484,2.3168585,-0.5929178,-0.27430558,0.3640284,-0.55310744,-0.777394,-0.6730667,-0.4787077,0.2735815,-0.5243284,1.0414037,1.0569149,-0.28000227,-0.55403143,1.7060288,0.5679377,0.9420311,-0.542261
16,BanoQudsia,0.65,0.3,0.05,0.0,0.0,0.4,0.0,0.05,0.55,0.0,21.0,66.0,0.31428573,6.285714,5.025107,13.0,0.53501,0.8306189,-0.20094083,-0.2047046,6.1939826,-0.24852106,-0.40598425,0.40932855,-0.45901084,-0.5492097,-0.47578275,-0.36992192,-0.3875873,-0.4658711,0.03490866,-0.28863215,0.04775547,2.3212543,-0.01265838,2.6549428,-0.7284697,6.8241096,-0.53932637,-0.29693544,-0.30907306,1.0818361,3.7476912,-0.29745588,-0.14164162,0.16713995,-0.16478293,-0.017993614,-0.8103893,-0.37347278,-0.5739762,-0.20931782,2.1273954,-0.2904734,-0.27393603,-0.026807876,-0.6094783,1.2386652,-0.61987877,7.0919137,7.506431,1.9029677,-0.17766936,1.526761,3.1087036,-0.8354189,0.10514878,2.1872287,-0.28727338,-0.7972142,-0.3969933,-0.35054898,-0.5002379,-0.39762396,-0.17864865,0.8709361,-0.0025335152,-0.25299376,0.66991776,2.9863212,4.8991313,0.3467775
17,BanoQudsia,0.61538464,0.3846154,0.0,0.03846154,0.0,0.34615386,0.0,0.0,0.61538464,0.0,27.0,70.0,0.1994302,5.185185,5.2636914,13.0,0.44305182,0.8095952,-0.11964773,0.052558217,1.3158454,-0.39378208,-0.2784258,0.8850887,-0.56702423,-0.37217176,-0.15055211,-0.024670394,0.17416003,-0.3988582,0.5956225,1.0266676,-0.11641318,0.48098847,0.08955,0.9690544,-0.38952205,2.606021,-0.4308332,0.096183054,0.21099825,0.18980901,0.8809643,-0.41453636,1.3377658,0.642901,0.062340196,-0.084300764,-0.6969039,0.33047268,-0.4574521,-0.004755197,1.9410983,-0.33811754,-0.093151696,0.4701565,-0.6018871,0.9506803,-0.35454476,0.9228992,1.3757604,1.1272808,-0.33192563,2.0857778,2.0305924,-0.75241774,0.66020167,0.37345985,-0.0016277058,-0.64290136,-0.2149918,0.0024681708,0.16585948,-0.04511373,0.54612136,0.73934317,0.6059381,-0.0458326,0.84259534,0.49824333,0.80742675,-0.06526268
18,BanoQudsia,0.65384614,0.34615386,0.0,0.115384616,0.0,0.46153846,0.0,0.0,0.42307693,0.0,26.0,187.0,0.5753846,14.384615,5.929567,24.0,0.8145029,0.70641893,-0.9905974,-0.6728283,7.7057943,-0.9411509,-0.98018,1.6451621,-0.9122588,-0.99149334,-0.8141345,-0.97976696,-0.99824524,-0.99932957,-0.99265295,0.38328683,-0.8372634,1.7150911,-0.99056333,3.324786,-0.9995791,9.435644,-0.98018926,-0.9993585,-0.9995826,2.4956257,5.410767,-0.9744546,0.1481279,-0.9985453,-0.9984594,-0.9163938,-0.97529465,-0.99884796,-0.9928116,-0.93228817,4.2204976,-0.8866607,-0.9931577,-0.9993182,-0.9082046,2.8738008,-0.7629721,7.979073,8.614451,3.2266932,-0.92517287,2.7043684,4.8343563,-0.9668199,-0.9982637,1.6319312,-0.9951633,-0.99464023,-0.9984019,-0.9902033,0.34052992,-0.9967089,-0.46128294,2.2850595,-0.99869245,-0.8683056,0.8682909,2.9046297,5.594619,-0.1646534
19,BanoQudsia,0.6822742,0.29765886,0.013377926,0.006688963,0.0,0.2909699,0.0,0.0,0.4013378,0.30100334,309.0,4962.0,0.10427437,32.116505,38.788773,207.0,0.5154242,0.5410075,0.0681145,0.8850776,0.35478798,0.42596722,-0.4341188,0.47431353,1.1627712,-0.3733937,0.1478737,-0.52302015,-0.5493848,0.20555027,0.10886846,3.1197705,1.845305,-0.5950143,-0.030856237,1.3759471,-0.68457794,2.3758564,-0.54602814,0.058903363,-0.41250363,0.8110344,0.010370256,1.1039137,3.4276032,0.22705755,0.22401217,1.5690681,-0.8682263,-0.48079056,-0.45056662,1.3110886,3.0779436,0.7296823,-0.079370305,-0.18274233,-0.68590504,3.7622168,-0.41576502,1.1378807,0.03819429,1.6544539,0.87557566,3.4716065,4.004647,-0.81884,0.3006374,0.00953295,-0.55559415,-0.58230317,-0.006202956,-0.5770611,1.3346901,-0.6260326,0.2762714,0.3783622,-0.21249002,0.23248412,-0.3829715,-0.32391405,-0.62707573,2.046786
20,BanoQudsia,0.537037,0.3148148,0.14814815,0.037037037,0.074074075,0.2962963,0.0,0.018518519,0.5740741,0.0,54.0,194.0,0.13556953,7.185185,7.850629,27.0,0.42328227,0.62953913,0.00570839,-0.1265752,3.407359,-0.32802474,-0.2504518,0.6808296,-0.41783613,-0.39711374,-0.30457217,-0.19564703,-0.1127224,-0.11899695,0.44390747,0.5180473,0.11779026,0.8290116,0.14166565,1.7791536,-0.5969955,4.178713,-0.46547124,0.09566722,-0.0076851714,0.8121099,2.069649,-0.16635588,0.5190794,0.59419054,0.13729103,-0.03621264,-0.7518954,-0.08718194,-0.45852393,0.005421093,2.1643102,-0.16955833,-0.07150413,0.31928843,-0.6204426,1.5778,-0.4746735,3.3699782,3.578568,1.5430058,-0.27825695,1.7957064,2.6342752,-0.7535687,0.56858855,0.8807167,-0.11041065,-0.6264818,-0.11271134,-0.18758757,0.037295897,-0.19930398,0.060324688,0.9181681,0.33888707,0.09382761,0.35451987,1.3292346,2.118264,0.3294452
21,BanoQudsia,0.57931036,0.3862069,0.03448276,0.0068965517,0.0068965517,0.29655173,0.0,0.0,0.6896552,0.0,145.0,479.0,0.045881227,6.6068964,10.046304,51.0,0.417158,0.43187043,-0.0058055795,0.8975334,0.23235613,0.27559838,-0.21389833,0.4386261,0.52947134,-0.36972612,0.13742901,-0.02892538,0.054597035,-0.36568442,0.504466,1.2630541,1.2928113,-0.04274149,0.20995417,0.5913312,-0.47313854,1.0372052,-0.4109541,0.03936642,0.113235526,-0.1960519,-0.12386039,0.1784328,2.0156112,0.5872144,0.057544347,0.8689533,-0.6230816,0.16596651,-0.36612773,0.7405159,1.3650283,0.29109567,2.7306327e-05,0.41184953,-0.26455697,1.0586389,-0.052219205,0.022960005,0.011920156,0.87287897,0.8638301,1.8300303,1.6912847,-0.53188396,0.5901605,0.047259677,-0.009100313,-0.652672,-0.19193612,-0.037564836,0.24145187,-0.07300547,0.8881025,0.18662335,0.50933033,-0.06922787,0.3641906,0.18675475,-0.21294942,0.1902497
22,IntazarHussain,0.30075186,0.23308271,0.46616542,0.0,0.0,0.2556391,0.0,0.007518797,0.7368421,0.0,140.0,249.0,0.025590956,3.557143,6.850726,35.0,0.20886713,0.5591535,0.8397647,-0.0078099985,1.0696355,-0.100868516,0.2553924,-0.1386527,-0.2661157,0.09740059,-0.2623672,0.3629378,0.6003129,0.727012,1.7631159,0.20288062,0.5793154,0.13604327,0.9022584,0.8180084,-0.3248817,0.64097196,-0.08928776,1.0684099,0.8351374,-0.3096649,0.019444862,0.51036763,0.50752807,1.8731676,1.0843728,0.5375361,-0.6787553,0.5942704,-0.1127085,0.68603694,0.36183327,0.34071526,0.48083103,1.3493325,-0.5056197,0.49567625,-0.30147865,0.32869926,0.19856502,0.37420478,-0.10203819,0.5056689,0.63881886,-0.7472163,1.8856446,0.2514405,0.47223118,-0.3759934,0.6214159,0.33531907,-0.048538342,0.29854506,-0.0392471,-0.03487718,1.4263365,1.0513171,-0.21067452,0.36954823,-0.10871742,0.9516752
23,IntazarHussain,0.6335878,0.22137405,0.14503817,0.007633588,0.030534351,0.3053435,0.0,0.007633588,0.648855,0.0,132.0,191.0,0.022091141,2.8939395,5.8958864,31.0,0.24077184,0.48569277,0.7752658,0.6642467,0.18764886,0.73989326,0.23053092,-0.20648746,0.5662337,-0.026568279,0.025413712,0.35099974,0.4569106,0.28862807,1.2496136,0.26473418,1.657416,-0.056994088,1.0507619,0.41021314,-0.34477335,-0.112193435,-0.077171884,0.65586275,0.5581514,-0.42252105,-0.3519042,0.64828116,0.89284265,1.5440396,0.7900926,1.3456575,-0.5356165,0.50449806,0.023285838,1.0882587,0.07894041,0.56974196,0.65155464,1.15293,-0.13445398,0.44150203,0.01780512,-0.15991181,-0.3304054,0.2881188,1.0710573,0.5103835,0.44396788,-0.5828822,1.4892167,0.02782729,0.5315509,-0.4467203,0.4263749,0.33966926,-0.19549643,0.3588363,0.57224613,-0.31975436,1.1956937,0.5742529,-0.23860122,0.16952768,-0.42539394,0.70011044
24,IntazarHussain,0.7948718,0.20512821,0.0,0.025641026,0.0,0.33333334,0.025641026,0.0,0.3846154,0.23076923,39.0,254.0,0.34278002,13.025641,9.62765,27.0,0.6029618,0.7749897,-0.07925587,0.01597133,3.720924,0.40284178,-0.5080069,0.75188625,0.28494367,-0.4920144,-0.11047815,-0.62113935,-0.6960487,-0.015665432,-0.1534677,1.3358026,0.91573715,0.32526633,-0.07887864,2.1651497,-0.79264843,4.7826815,-0.5888257,-0.19187962,-0.5789367,1.3371396,2.1611254,0.45898026,1.3030307,0.000575249,0.0010296259,0.6403486,-0.894664,-0.6718452,-0.52634424,0.05897846,3.3557367,0.160901,-0.20098554,-0.32957175,-0.743225,3.440294,-0.69298446,3.9658406,3.7456288,2.611243,0.5287799,2.523348,3.971944,-0.85968983,0.02169395,0.50676197,-0.6139002,-0.69992554,-0.18277138,-0.6582161,0.6615456,-0.6957039,-0.099333495,1.3303359,-0.3874681,-0.003641532,-0.39472866,1.2041373,2.0207057,0.9073157
25,IntazarHussain,0.8391167,0.13249211,0.028391168,0.0,0.0,0.056782335,0.0,0.0031545742,0.9400631,0.0,317.0,1815.0,0.036237672,11.451104,16.842422,223.0,0.6706968,0.23908962,-0.55252373,2.79873,-0.74084044,1.9807918,-0.6309682,0.84433645,2.7028763,-0.8157205,1.8543864,-0.69420123,-0.7996427,-0.8358135,-0.6750869,3.3402755,3.759726,-0.7969822,-0.10655684,0.26830056,-0.895616,0.22593173,-0.80399436,-0.78148615,-0.7721858,0.17100325,-0.6764516,2.0871127,5.0920534,-0.6553047,-0.7706915,2.7268252,-0.78547955,-0.78141373,-0.5536973,1.5314665,3.0683868,1.4924809,-0.48718747,-0.6853157,-0.07155465,3.494582,-0.3205447,-0.79351646,-0.7948079,2.0813854,3.724644,3.575557,3.2552283,-0.10005504,-0.6610106,-0.6137992,-0.737129,-0.9126995,-0.7694962,-0.75154305,0.8312395,-0.74528295,2.1591473,0.5887864,-0.694924,-0.773173,-0.13157478,-0.4539622,-0.8268812,-0.017608302
26,IntazarHussain,0.7,0.14285715,0.15714286,0.014285714,0.014285714,0.34285715,0.0,0.0,0.62857145,0.0,70.0,223.0,0.092339545,6.3714285,7.5954337,24.0,0.39830518,0.62573826,0.24528629,0.8436983,0.15906103,0.3155587,-0.11472814,0.37589595,0.38088578,-0.32948455,0.29303145,-0.09770983,-0.09927736,-0.08604203,0.5039284,1.2087395,1.5332048,-0.42652005,0.52411234,0.7543501,-0.6414011,0.82909685,-0.3121339,0.0930626,0.017879656,-0.21423821,-0.26092666,0.39419556,2.1479418,0.74281174,0.2755744,1.0411378,-0.7395136,-0.13658334,-0.32025087,0.64990354,1.5635643,0.4209714,0.14232443,0.5183136,-0.419081,1.5831736,-0.26302817,-0.031764623,0.12692101,1.1206412,0.72538877,1.7515641,1.8659773,-0.69058555,0.6760339,-0.17160949,0.058464445,-0.6973868,0.0076759406,-0.08446301,0.16049744,-0.09870008,0.87912405,0.35083935,0.49728224,0.0994283,-0.18882021,0.15296702,-0.39056873,0.4099975
27,IntazarHussain,0.7067669,0.21052632,0.082706764,0.007518797,0.0,0.13533835,0.0,0.0,0.85714287,0.0,133.0,257.0,0.02927774,3.8646617,6.478167,33.0,0.32977372,0.35639355,0.34013635,1.1116903,-0.081639886,0.70307577,-0.019897483,0.2588052,0.68422616,-0.25977817,0.55141544,0.074466,0.05331093,-0.11672355,0.67674255,0.9315991,1.6346543,-0.26842612,0.61914027,0.29325292,-0.52669567,0.25272042,-0.25750586,0.178695,0.17672108,-0.18891427,-0.3379696,0.6239523,1.7335465,0.8467794,0.30661112,1.2433376,-0.59588844,0.0873889,-0.20019825,0.790891,0.88847786,0.57066596,0.26494622,0.63242775,-0.10974571,0.9345794,-0.19980913,-0.3564325,-0.44967172,0.7705929,1.3389791,1.3510331,1.0419216,-0.4414681,0.8074195,-0.1320199,0.1676517,-0.6443503,0.03594528,0.08067744,0.005224875,0.044488773,1.06815,0.05759855,0.6582841,0.13368297,0.07744987,-0.013231603,-0.4768951,0.21292488
28,MunshiPremchand,0.79710144,0.1884058,0.014492754,0.04347826,0.13043478,0.26086956,0.0,0.0,0.5652174,0.0,69.0,533.0,0.22719523,15.449275,12.694328,55.0,0.66545016,0.57325995,-0.61245245,1.4935615,-0.18870805,0.15650778,-0.60790277,1.4989944,0.56342727,-0.7897248,0.5787123,-0.6621502,-0.7922134,-0.76379615,-0.63960767,2.969188,1.1856747,-0.61484295,-0.42997727,0.82192487,-0.89621675,1.973653,-0.7583153,-0.72394073,-0.7322203,0.19613098,-0.19414069,-0.14177841,4.196715,-0.5233353,-0.6516256,0.4446494,-0.789053,-0.7815813,-0.687109,0.14992109,3.5723116,0.23142694,-0.5013195,-0.5792375,-0.4212596,2.4715314,-0.33696312,-0.09934716,0.18753536,1.7921795,0.64853626,4.127138,3.976447,-0.42723382,-0.5682978,-0.17694096,-0.6491646,-0.89115816,-0.709794,-0.6488009,0.8201891,-0.6757212,1.8026682,0.91498995,-0.6210836,-0.7176828,0.6565447,-0.048876252,-0.4740885,-0.31961575
29,MunshiPremchand,0.6533333,0.24,0.10666667,0.026666667,0.08,0.2,0.0,0.0,0.6933333,0.0,75.0,281.0,0.10126126,7.4933333,9.321478,55.0,0.61532915,0.37713948,-0.36316556,1.3078977,-0.13086914,0.124365,-0.47069606,1.2169516,0.3396574,-0.63704354,0.60341555,-0.42838648,-0.4741958,-0.6154835,-0.212624,1.9875445,1.067009,-0.3408551,-0.27359104,0.5080794,-0.7314608,1.41353,-0.63518703,-0.44311416,-0.43303573,0.013833926,-0.08652988,-0.12688227,3.0648873,-0.17319715,-0.43204075,0.3607364,-0.67747015,-0.42184696,-0.59733605,0.11773844,2.395803,0.20663482,-0.35161084,-0.28264084,-0.2709759,1.4432219,-0.18259697,-0.36754715,0.111545615,1.2591556,0.6913784,2.933241,2.5195959,-0.4195522,-0.1719254,-0.1402613,-0.45802206,-0.7785626,-0.5276255,-0.45532185,0.39158767,-0.48575822,1.5910379,0.7231759,-0.25218597,-0.46501672,0.8781731,0.045715064,-0.270326,-0.30248
30,MunshiPremchand,0.75630254,0.24369748,0.0,0.016806724,0.042016808,0.15126051,0.0,0.0,0.789916,0.0,119.0,856.0,0.12191995,14.386555,15.822603,76.0,0.6209515,0.45475242,-0.5661746,1.603136,-0.19746965,0.28850168,-0.5855898,1.1634878,0.8274021,-0.7293795,0.7150227,-0.5459812,-0.63063353,-0.7641957,-0.4450091,2.4297886,1.6148074,-0.5201113,-0.39830098,0.6092824,-0.8138032,1.6789446,-0.7072975,-0.6293524,-0.58879125,0.3899306,-0.05724341,0.15006767,3.545098,-0.39925945,-0.59205043,0.8545759,-0.7630266,-0.5898549,-0.67444265,0.42234418,2.7356164,0.342739,-0.5035825,-0.44550112,-0.28845686,2.140623,-0.15481421,-0.19308999,0.07379029,1.4810357,1.2773918,3.4179792,3.1101367,-0.5036681,-0.41184628,-0.17491496,-0.5809375,-0.86993295,-0.67656654,-0.56559104,0.63616866,-0.6128256,1.6933529,0.59902227,-0.4336671,-0.6471726,0.7264436,-0.036614437,-0.3406178,-0.1147568
31,MunshiPremchand,0.6964286,0.30357143,0.0,0.035714287,0.017857144,0.2857143,0.0,0.0,0.66071427,0.0,56.0,206.0,0.13376623,7.357143,8.418577,40.0,0.5936064,0.45992714,-0.3389973,0.69026905,1.0940964,-0.028483924,-0.48420238,1.1244459,-0.007141852,-0.62237555,0.07606191,-0.39635795,-0.42897865,-0.62818533,-0.18357964,1.3459523,0.5849167,-0.017276738,-0.21180579,0.9313721,-0.7240618,2.511475,-0.59720343,-0.44290957,-0.40683913,0.25425214,0.67230254,-0.3107368,2.123276,-0.10290135,-0.3807852,0.24347785,-0.7045091,-0.3790031,-0.58133656,0.007533205,2.2848034,-0.0822312,-0.3427382,-0.18880014,-0.34765187,1.3998516,-0.23137279,0.9380294,1.4569805,1.4483181,0.3421382,2.5225525,2.5872357,-0.6022474,-0.1178432,0.12963635,-0.38581148,-0.80509996,-0.5048453,-0.41885757,0.29883137,-0.43718672,1.0081316,0.809824,-0.15971072,-0.4626055,0.72083443,0.56103414,0.67107755,-0.18566592
32,MunshiPremchand,0.5604396,0.3956044,0.043956045,0.043956045,0.032967035,0.2967033,0.0,0.0,0.62637365,0.0,91.0,730.0,0.17826618,16.043957,14.489794,59.0,0.61761403,0.5487217,-0.61395353,1.588633,-0.23903738,0.07924595,-0.6409908,1.0567178,1.0948977,-0.7345433,0.8071157,-0.5823076,-0.5596797,-0.75396234,-0.35577372,3.1364992,1.8531313,-0.51492083,-0.47767714,0.92941284,-0.76374006,1.8309115,-0.7681945,-0.5648667,-0.5199261,0.12656012,-0.23777488,0.3543394,4.2080803,-0.37630042,-0.6009762,0.99388415,-0.82613873,-0.4915924,-0.73526585,0.8738628,3.3994298,0.49355206,-0.599478,-0.4476232,-0.5438935,2.904439,-0.26904413,-0.22997846,-0.30219054,1.8378522,1.1023933,3.7879095,3.6834848,-0.54462856,-0.35620868,-0.25895438,-0.6268064,-0.848751,-0.69413584,-0.59839034,0.9928129,-0.63352394,1.3912865,0.77523375,-0.3946922,-0.60254997,0.3617025,-0.23109084,-0.5885922,0.11656519
33,MunshiPremchand,0.6666667,0.27450982,0.05882353,0.019607844,0.039215688,0.21568628,0.0,0.0,0.7254902,0.0,51.0,202.0,0.15843137,7.9215684,7.796035,37.0,0.6418907,0.48337856,-0.42225057,0.94494724,0.7411772,0.08817188,-0.538243,1.1201973,0.23213425,-0.6747606,0.3246294,-0.4946946,-0.5500778,-0.6452449,-0.29097912,1.841065,0.84190446,-0.07397109,-0.3150016,0.89094067,-0.787027,2.2306235,-0.6591696,-0.5123388,-0.49939582,0.22232138,0.39665416,-0.09827286,2.6932151,-0.25959626,-0.4758851,0.40278038,-0.74610543,-0.512268,-0.63078934,0.049114816,2.5931869,0.07249983,-0.43584052,-0.34066734,-0.3664957,1.7468289,-0.30019656,0.6224731,1.0245281,1.5974317,0.65825886,2.9641488,2.9243295,-0.55966973,-0.26204148,0.054642644,-0.5066093,-0.8324949,-0.5728964,-0.5199741,0.3952223,-0.5504144,1.1745551,0.82196873,-0.32463568,-0.5163776,0.74351877,0.4349774,0.36453685,-0.22665876
34,MunshiPremchand,0.575,0.425,0.0,0.025,0.125,0.275,0.0,0.0,0.575,0.0,40.0,160.0,0.20512821,8.0,7.007139,30.0,0.60288984,0.56089437,-0.5408431,1.2649114,-0.1378178,-0.20667073,-0.55885327,1.2000945,0.49963236,-0.6598291,0.61026514,-0.41209984,-0.37774587,-0.7446109,-0.1541452,2.299171,1.0711318,-0.26656914,-0.4149726,0.70051545,-0.65121603,1.6632742,-0.6935652,-0.44559962,-0.33735245,-0.15065673,-0.1518726,-0.27779275,3.2969346,-0.20177367,-0.5101777,0.29468128,-0.7047995,-0.25612366,-0.66965514,0.35369623,2.6574075,0.10936697,-0.5014134,-0.26491067,-0.43428198,1.6867291,-0.18492776,-0.36781132,-0.07118143,1.4686525,0.56666785,3.0613525,2.7902856,-0.33923963,-0.16622332,-0.16719227,-0.48379046,-0.79438925,-0.62947285,-0.42415133,0.64684904,-0.4684874,1.4270742,0.77970266,-0.17107213,-0.5299206,0.8003424,-0.012641901,-0.34922352,-0.35282934
35,MunshiPremchand,0.81609195,0.1724138,0.011494253,0.022988506,0.011494253,0.20689656,0.0,0.0,0.7586207,0.0,87.0,150.0,0.04009623,3.4482758,4.6873727,19.0,0.3336615,0.43537414,0.20098989,1.0067933,-0.19938812,0.31082878,-0.08902648,0.5020745,0.30865788,-0.34266394,0.3106285,-0.021893518,-0.09383792,-0.2717958,0.42466038,0.95124876,1.1863347,-0.28604853,0.5444893,0.41766116,-0.6177214,0.65478796,-0.2663003,-0.015636696,0.014545423,-0.28247973,-0.36880457,0.16816932,1.798134,0.67670286,0.2050104,0.8252763,-0.6435676,-0.10268403,-0.28229862,0.40178752,1.168914,0.3133039,0.1821476,0.5495177,-0.23727858,0.83959067,-0.19196455,-0.3694511,-0.008088912,0.85630655,0.74995065,1.6511391,1.4235779,-0.554299,0.59558684,-0.12105495,0.13614306,-0.7336593,-0.06422859,0.033749938,-0.055419665,-0.009758161,1.1802423,0.27608696,0.53055924,-0.042549573,0.26242498,0.15190434,-0.3140853,0.027796816
36,MustansarHussainTarar,0.60714287,0.2857143,0.10714286,0.017857144,0.0,0.51785713,0.0,0.017857144,0.44642857,0.0,56.0,205.0,0.13311689,7.321429,7.984599,30.0,0.46122196,0.63875365,-0.008082015,0.6897284,1.5023597,0.39751488,-0.25762445,0.2534217,0.59753746,-0.37618828,0.07838003,-0.09758477,0.03209782,-0.2707286,0.56981325,0.7535373,1.549763,0.30339336,0.20498678,1.0846341,-0.48460293,1.7734807,-0.4635709,0.104207575,0.14402795,-0.03998242,0.5540434,0.4086741,1.6599791,0.5638676,0.05570499,1.108786,-0.71282727,0.1500442,-0.4158185,0.83720493,1.3288224,0.2840181,-0.06950824,0.35788447,-0.42383894,1.5381807,-0.170657,1.4493535,1.4232447,1.1913035,0.9854851,1.4556862,1.9007226,-0.6436738,0.5952323,0.3301924,-0.09759202,-0.64663297,-0.18693139,-0.10519457,0.0994715,-0.1558686,0.59857243,0.21046773,0.45860147,0.043448307,-0.1051048,0.6813584,0.73828495,0.6383726
37,MustansarHussainTarar,0.5503356,0.39597315,0.053691275,0.026845638,0.033557046,0.10067114,0.0,0.026845638,0.81208056,0.0,149.0,145.0,0.013150735,1.9463087,5.0617466,32.0,0.18863882,0.5073314,0.4102973,-0.025592998,1.2475697,-9.7438795e-05,0.16651306,-0.11195746,-0.30305806,0.017195802,-0.15478826,0.583291,0.88096577,-0.008157984,1.6451346,-0.08035119,0.43328995,0.72544026,0.6885455,0.6944292,0.005626536,1.1519568,-0.12916538,0.8244897,1.0253458,-0.2099749,0.45594802,-0.028824512,-0.013122607,1.6312234,0.7007356,0.39435837,-0.49620155,1.1667143,-0.14164758,0.5457602,0.08495894,-0.010392154,0.4370674,1.3556759,-0.35074043,0.0049849437,-0.15459362,0.8008225,0.57185227,0.15351583,0.101887465,0.28115788,0.20599258,-0.61921453,1.6802634,0.5312186,0.5762324,-0.39801967,0.25709128,0.6533101,-0.24570686,0.5351114,0.06082705,-0.1961468,1.5791396,0.574281,0.28750992,0.36660904,0.44397816,0.39658254
38,MustansarHussainTarar,0.5555556,0.3888889,0.055555556,0.027777778,0.0,0.29166666,0.0,0.0,0.6805556,0.0,72.0,52.0,0.020344287,1.4444444,3.0636258,19.0,0.2158537,0.43213296,0.4781928,0.054747757,0.8605513,0.006915273,0.13806756,-0.03655763,-0.27686495,-0.03127008,-0.23556288,0.45915714,0.69820154,0.030287525,1.403261,-0.114602245,0.5241015,0.6058862,0.7609202,0.6011828,-0.16393812,0.93463254,-0.10483381,0.67104685,0.7742968,-0.39458856,0.17238481,-0.0023389426,0.13851209,1.5285112,0.69172233,0.49507836,-0.5235329,0.85980886,-0.13926046,0.5716909,0.030677583,0.0054971855,0.45050776,1.2491555,-0.3518067,-0.1308169,-0.025956081,0.41005257,0.57521987,0.16651934,0.112180695,0.3690306,0.23492831,-0.679926,1.5315017,0.40408957,0.5364304,-0.453781,0.27647334,0.49091578,-0.31336147,0.4296753,0.21382774,-0.16654119,1.4005678,0.50422955,0.318883,0.449803,0.3493377,0.398552
39,MustansarHussainTarar,0.68115944,0.2753623,0.0,0.014492754,0.0,0.3188406,0.0,0.0,0.6666667,0.0,69.0,131.0,0.05583973,3.7971015,5.849761,22.0,0.28412372,0.5934066,0.364137,0.45486715,0.3532326,0.08245511,0.04764293,0.083496615,-0.03670947,-0.16863541,-0.061194144,0.21530858,0.28570294,-0.051291853,0.96957386,0.64954066,0.8597357,0.08901447,0.71536434,0.7449358,-0.4201691,0.87552065,-0.17062783,0.3745227,0.4177065,-0.35105777,-0.11713723,0.10138757,1.071699,1.1873413,0.5259565,0.69065285,-0.6395491,0.34524179,-0.21341243,0.6109262,0.8151008,0.15807854,0.338745,0.9612101,-0.39056373,0.7602443,-0.08848103,0.17394343,0.30280486,0.6281272,0.24485087,1.1206475,1.0855244,-0.6909847,1.1339676,0.13690698,0.3643043,-0.6097474,0.14893183,0.27758676,-0.094906226,0.21133159,0.4840638,0.06630874,1.0149449,0.28068298,0.13684925,0.2966376,-0.06795674,0.36408234
40,MustansarHussainTarar,0.6571429,0.30476192,0.03809524,0.104761906,0.00952381,0.43809524,0.0,0.0,0.44761905,0.0,105.0,406.0,0.07435898,7.733333,10.207623,48.0,0.41587994,0.5082886,0.038224433,0.13009277,1.385799,-0.1310147,-0.22245695,0.50029194,-0.1768812,-0.3813602,-0.31712446,-0.103536844,-0.053216346,-0.27321097,0.44040528,0.86016315,0.5286974,0.25902548,0.2748179,1.2275895,-0.5745784,2.301634,-0.3825648,0.01709167,0.027148807,-0.08745235,0.509354,-0.16541563,1.3356038,0.61648154,0.13434915,0.3759081,-0.7187853,-0.020842316,-0.3991018,0.2941489,1.7021995,-0.100814044,0.011193716,0.43686882,-0.51163936,1.2805465,-0.22675769,1.3678676,1.582033,1.2111125,0.06569287,1.8090729,2.2372572,-0.76602995,0.5782102,0.33363676,0.00509227,-0.69680417,-0.13231362,-0.08310198,0.16715798,-0.111104965,0.33734727,0.43997404,0.46962976,-0.03482634,0.16721351,0.7012393,0.62734455,0.3894141
41,MustansarHussainTarar,0.640625,0.328125,0.03125,0.03125,0.0,0.125,0.0,0.0,0.84375,0.0,64.0,24.0,0.011904762,0.75,2.0,8.0,0.12068453,0.73770493,0.70359266,0.06326577,1.5285943,0.25179082,0.33479246,-0.41639447,-0.16232274,0.12731333,-0.083080396,0.70732135,0.9617737,0.15378831,1.822185,-0.4802696,0.7879726,0.71108097,1.117363,0.7551094,-0.01636066,1.0772601,0.044101693,0.9454768,1.1221426,-0.12726003,0.6025772,0.1854354,-0.40440738,1.9679619,0.98365194,0.79690707,-0.5046371,1.1725193,0.0086016,0.77332366,-0.3505624,0.14435887,0.71207607,1.6794662,-0.31479973,0.01353861,-0.20613511,1.2821894,1.0178783,0.1728269,0.3730937,-0.26799357,-0.16056247,-0.65756696,1.9603407,0.58779657,0.82837814,-0.41715717,0.47081563,0.80640763,-0.4939933,0.6958449,0.0025980892,-0.35245115,1.8504933,0.7533973,-0.10637042,0.5832038,0.7344754,0.5934737
42,MustansarHussainTarar,0.7878788,0.18181819,0.030303031,0.09090909,0.030303031,0.121212125,0.0,0.0,0.75757575,0.0,33.0,48.0,0.09090909,2.909091,3.8640819,11.0,0.2691657,0.6213018,0.15779889,0.3319209,2.78365,0.10993291,-0.08883057,0.25838134,-0.14643176,-0.33386415,0.029927429,0.011193648,-0.039771236,-0.31362337,0.5153536,0.076005146,0.60179496,0.91712886,0.41705772,1.2400916,-0.5450349,3.1487641,-0.3061037,0.010357849,0.060616132,0.41873762,1.5698261,-0.02521869,0.35466415,0.64373434,0.1325004,0.38928553,-0.61102587,0.01640724,-0.36286625,0.23798843,0.77889,0.05533424,0.1264993,0.45150644,-0.29671255,0.51631063,-0.3502121,3.1327887,3.3987982,0.9126736,0.3145592,0.7975005,1.2199057,-0.60886127,0.5889542,1.03987,0.06577158,-0.67387503,-0.13094234,0.07247617,-0.3841833,-0.024529248,0.4174201,0.23321871,0.49542877,0.028359486,0.3103185,1.4257208,2.1998034,0.26797354
43,MustansarHussainTarar,0.6363636,0.2840909,0.07954545,0.011363637,0.011363637,0.26136363,0.0,0.0,0.71590906,0.0,88.0,219.0,0.057210032,4.9772725,7.087084,44.0,0.40979156,0.41285297,0.08826857,0.90717196,-0.022922413,0.0419364,-0.17377618,0.58099264,0.20731987,-0.36627263,0.28141627,-0.07233416,-0.09046167,-0.2501484,0.45130426,1.057665,1.0278859,-0.19259977,0.2891804,0.47490484,-0.59255666,0.92348,-0.36013016,0.017521234,0.020293696,-0.18824703,-0.19682689,0.03949285,1.8844628,0.5866477,0.12338039,0.6129234,-0.654005,-0.064216845,-0.37506315,0.4166498,1.2846621,0.22121538,0.026932506,0.41224754,-0.301125,0.87617624,-0.13847,-0.30161384,0.008510069,0.8784418,0.5805153,1.7558993,1.4762934,-0.5546774,0.5549702,-0.07388256,-0.009263861,-0.68897665,-0.121688865,-0.06765845,0.09512587,-0.1125933,1.0772687,0.29308656,0.43468237,-0.013082648,0.43215525,0.16637902,-0.30034876,0.070511445
44,MustansarHussainTarar,0.7258883,0.24873096,0.02538071,0.010152284,0.02538071,0.35532996,0.0,0.0,0.60913706,0.0,197.0,695.0,0.03599917,7.0558376,11.596513,71.0,0.32287702,0.44995704,0.18437847,0.5394594,1.0746105,0.33449075,-0.05556848,0.10974321,0.3572666,-0.26029113,0.056923915,0.111522794,0.1804843,-0.20486037,0.74463004,0.68473125,1.2779816,0.17479376,0.55229914,0.99546576,-0.4264203,1.4891739,-0.27913693,0.22065689,0.29511562,-0.05152637,0.36375144,0.28941277,1.2241257,0.93091357,0.317226,0.9885901,-0.6514104,0.27836344,-0.27004763,0.7727256,1.1578014,0.2468482,0.22912605,0.73659426,-0.3886448,1.3333833,-0.20299259,1.0697874,0.99074364,0.95102364,0.76557016,1.2239983,1.556487,-0.6476303,0.886272,0.26242617,0.21584874,-0.6310646,-0.0031146458,0.17000936,-0.0008855949,0.108373284,0.50814927,0.13584453,0.7919371,0.12951696,-0.124276124,0.45607886,0.40879878,0.53279173
45,MustansarHussainTarar,0.57894737,0.35964912,0.06140351,0.096491225,0.02631579,0.35964912,0.0,0.01754386,0.5,0.0,114.0,132.0,0.020493712,2.3157895,3.7353592,18.0,0.2813538,0.43962848,0.33936632,0.5279372,0.43848696,0.28587142,-0.032868966,0.05324911,0.35857213,-0.18799545,-0.19221602,0.23617528,0.51222515,-0.10509017,1.0110551,0.44377658,1.261651,0.28484362,0.46358237,0.5457076,-0.20683591,0.5310773,-0.30266798,0.44986326,0.48969468,-0.49238804,-0.1403177,0.14325874,1.1896864,1.1105628,0.35865209,0.76747805,-0.48236632,0.70210874,-0.19779654,0.80871576,0.41956523,0.23699228,0.27726534,0.7701928,-0.22897889,0.3637266,0.15847291,0.03948941,0.139974,0.35111132,0.6158261,0.76517797,0.73408455,-0.5802996,1.1492238,0.1445962,0.2599637,-0.41908544,0.090519555,0.18376558,-0.12995982,0.21903247,0.62008953,-0.0908581,0.95100284,0.28984296,0.12564927,0.3222556,-0.091921955,0.34859905
46,MirzaHadiRuswa,0.85365856,0.14634146,0.0,0.07317073,0.07317073,0.6097561,0.0,0.0,0.24390244,0.0,41.0,118.0,0.14390244,5.756098,6.4194083,23.0,0.49270654,0.57610244,0.35351354,0.6338716,1.0025079,0.8088766,-0.23425828,0.6370558,0.58413947,-0.46001476,-0.18863077,-0.2514588,-0.27161002,-0.28509822,0.021719305,0.4019264,1.7797991,-0.047154427,0.50123113,0.7745778,-0.71035016,1.6749805,-0.36318043,-0.2526267,-0.34792703,-0.10814484,0.37603816,0.2263482,1.6164308,0.40736222,0.012865974,1.2918292,-0.66023964,-0.3241213,-0.266544,0.7206524,1.1939696,0.26983187,0.24865726,0.1195083,-0.18722202,0.96266866,0.03532031,0.9479825,1.5009298,1.01657,1.2617364,1.5215651,1.778769,-0.7270014,0.31498256,0.059623633,-0.03730865,-0.6985153,-0.085378826,-0.3523126,-0.09461982,-0.23484752,0.90087944,0.31018266,0.09784082,-0.21591094,0.12694463,0.71129644,0.6526991,0.36432126
47,MirzaHadiRuswa,0.6363636,0.36363637,0.0,0.012987013,0.064935066,0.19480519,0.0,0.0,0.72727275,0.0,77.0,312.0,0.10663021,8.103896,9.658566,45.0,0.46767148,0.52995867,-0.120421484,0.8695982,0.22083792,-0.072489575,-0.29081225,0.9029203,0.119006604,-0.45399812,0.49863502,-0.17492393,-0.14096895,-0.41326517,0.2525438,1.7456435,0.82111573,-0.23632404,0.13432497,0.7697402,-0.60087126,1.7252864,-0.44039184,-0.12765218,-0.08764939,0.077226,0.06283858,-0.123304494,2.442895,0.4149198,-0.021479,0.4309836,-0.7196659,-0.095159955,-0.4502438,0.32618898,2.259482,0.074065246,-0.08380506,0.28063548,-0.47832683,1.5426662,-0.33645934,0.0009479527,0.22761095,1.3206245,0.39475664,2.5199258,2.3842874,-0.55582625,0.37755886,-0.0816217,-0.094593905,-0.7428049,-0.25444353,-0.15235539,0.4206158,-0.18307476,1.0768139,0.63316983,0.31520686,-0.1925617,0.5080496,0.07404694,-0.15980008,-0.06659214
48,MirzaHadiRuswa,0.58064514,0.32258064,0.09677419,0.06451613,0.09677419,0.29032257,0.0,0.0,0.5483871,0.0,31.0,87.0,0.18709677,5.612903,5.1910434,18.0,0.5129616,0.5934066,-0.3446753,0.2911081,1.4531127,-0.42242408,-0.49020308,1.081095,-0.30883336,-0.56162745,-0.25047547,-0.3589141,-0.2454316,-0.49717978,0.13765743,1.1370655,0.11360032,0.42285046,-0.31836435,1.1089612,-0.60816133,2.7255704,-0.63663125,-0.1979468,-0.1741393,-0.08302409,0.69571483,-0.4050264,1.8759849,0.065688714,-0.29565868,-0.17363836,-0.7477212,-0.14823596,-0.6416929,-0.2080705,2.161534,-0.22328645,-0.44742092,-0.09518072,-0.5487904,1.0507256,-0.30100542,1.1165609,1.8102803,1.3165281,-0.16513139,2.4502969,2.545614,-0.7033945,0.116108075,0.3695499,-0.40790248,-0.715743,-0.4615431,-0.3780437,0.18750237,-0.41641235,0.70957446,0.8410071,0.008190417,-0.25007746,0.8520275,0.7886145,0.9852332,-0.15591751
49,MirzaHadiRuswa,0.8086957,0.15652174,0.034782607,0.008695652,0.034782607,0.104347825,0.0,0.008695652,0.84347826,0.0,124.0,126.0,0.016522422,2.032258,4.498988,36.0,0.24562095,0.3833935,0.6396794,0.7905378,0.046520285,0.66914105,0.22009557,0.027495045,0.35816854,-0.0609236,0.4811205,0.37611395,0.43100625,0.06529458,1.146997,0.35014898,1.5076486,-0.14766167,1.0162313,0.30763525,-0.34126344,0.076369375,-0.044399478,0.508826,0.5495663,-0.23249543,-0.299622,0.49400055,0.9318702,1.4281462,0.6996876,1.1900302,-0.55510086,0.49055785,-0.030091994,0.77903754,0.3370607,0.4973562,0.6224481,1.1867737,-0.1772617,0.55842143,-0.24544394,-0.20303755,-0.36444944,0.47205392,1.1059604,0.6450355,0.43078765,-0.48916999,1.3622528,-0.053315457,0.5542847,-0.55738,0.33892506,0.4356732,-0.23446853,0.3960685,0.78999686,-0.12788665,1.2165796,0.4134419,-0.13257097,-0.0045685447,-0.39760008,0.35699177
50,MirzaHadiRuswa,0.64102566,0.35897437,0.0,0.008547009,0.034188036,0.21367522,0.0,0.008547009,0.73504275,0.0,117.0,720.0,0.1061008,12.307693,14.377964,94.0,0.618158,0.3841364,-0.5885299,1.2504754,0.34867638,0.029494453,-0.62280834,1.2373931,0.6206682,-0.72416604,0.64689904,-0.5470358,-0.5357257,-0.7710038,-0.3599563,2.4295847,1.1696922,-0.309841,-0.45119956,0.84185624,-0.7516095,2.2259479,-0.73519063,-0.5692772,-0.5128952,0.32606068,0.2253461,0.016027043,3.4653108,-0.35463598,-0.58738244,0.5779822,-0.7879699,-0.4666967,-0.697083,0.29044735,3.0758102,0.19571225,-0.5563958,-0.4145623,-0.46696833,2.2964447,-0.33746707,0.23460208,0.45789915,1.8124937,0.87642086,3.4111083,3.3171177,-0.5145386,-0.3433529,-0.14609416,-0.581214,-0.84588224,-0.68266046,-0.5648548,0.72685915,-0.5924078,1.3741127,0.9274319,-0.36188743,-0.61338097,0.64116,0.113577895,-0.014244083,-0.23886193
51,MirzaHadiRuswa,0.7012987,0.2987013,0.0,0.012987013,0.025974026,0.27272728,0.0,0.012987013,0.6753247,0.0,77.0,510.0,0.17429939,13.246754,12.044458,53.0,0.71971387,0.5002958,-0.64238006,1.860836,-0.43319038,0.3727413,-0.6928614,1.2717419,1.0713644,-0.8276222,0.90824604,-0.7240805,-0.82234424,-0.83006394,-0.7228757,2.9893246,1.729465,-0.70524603,-0.49802136,0.6758611,-0.9282662,1.6052183,-0.78978205,-0.80626726,-0.81711894,0.22198749,-0.33943188,0.28719983,4.3194466,-0.65068334,-0.74338657,1.0327322,-0.81447744,-0.8335673,-0.70504993,0.50971615,3.3570232,0.47556195,-0.59960103,-0.6841546,-0.33467695,2.6920705,-0.27795145,-0.3408779,-0.15994042,1.9751061,1.4070501,3.9035723,3.6961384,-0.42831123,-0.6700776,-0.37498102,-0.7311063,-0.92736965,-0.77249455,-0.76897496,0.8495624,-0.7650033,1.8075182,0.852829,-0.69938,-0.7894239,0.55053467,-0.096472144,-0.587283,-0.22730629
