Character_A,Character_B,Weight,Pages(centers),Pairs(pa:pb)
"امام بخش","امیر بخش",9,"19 20 23 25 26 27 48 50","24:15 24:16 24:23 24:26 25:26 26:26 28:26 51:46 51:50"
"امام بخش","اچو شیخ",4,"22 33 35","24:21 28:38 29:38 32:38"
"امام بخش","بخت جہان",30,"19 20 21 22 24 25 26 27 28 29 30 31 33 46 47 48 49 50 51 52 53","24:14 24:15 24:16 24:17 24:18 24:19 24:20 24:24 25:24 25:25 26:25 26:27 28:27 28:28 29:28 29:29 32:29 32:31 32:35 51:42 51:44 51:45 51:46 51:47 51:48 51:49 51:50 51:52 53:52 53:53"
"امام بخش","بھاگ بھری",2,"55 56","51:60 53:60"
"امام بخش","بہشت بی بی",9,"23 24 25 26 27 36 51 52","24:23 24:25 25:25 26:25 26:27 28:27 32:40 51:51 53:51"
"امام بخش","حافظ جی",9,"27 28 29 31 32 52 53","24:30 25:30 26:30 28:30 29:30 32:30 32:32 51:54 53:54"
"امام بخش","حیات بی بی",10,"24 25 27 28 29 30 51 52 53","24:25 25:25 26:25 26:29 28:29 29:29 32:29 51:51 53:51 53:53"
"امام بخش","روشن بخش",12,"20 24 25 27 28 29 30 31 32 56 57","24:16 24:25 25:25 26:25 26:29 28:29 29:29 32:29 32:31 32:32 51:61 53:61"
"امام بخش","زینب بیگم",2,"19 20","24:15 24:16"
"امام بخش","شیداں پاؤنڈوں والی",5,"24 51 52 53","24:24 25:24 51:51 53:51 53:53"
"امام بخش","صاحباں",10,"21 22 27 28 29 30 31 32","24:19 24:20 24:21 24:31 25:31 26:31 28:31 29:31 32:31 32:33"
"امام بخش","صغرا بی بی",18,"23 24 25 26 27 28 29 30 31 32 51 52 53","24:22 24:23 24:24 25:24 25:25 26:25 26:26 28:26 28:27 28:28 29:28 29:29 32:29 32:30 32:32 51:51 53:51 53:53"
"امام بخش","عزیز جہان",6,"25 26 27 53 54","24:27 25:27 26:27 28:27 51:56 53:56"
"امام بخش","غلام محمد",2,"56 57","51:61 53:61"
"امام بخش","لبناں سنگھ",6,"48 49 56 57","51:45 51:46 51:47 51:48 51:61 53:61"
"امام بخش","محمد جہان نمبردار",19,"19 20 21 22 24 25 26 27 29 31 33 48 49 53 54","24:15 24:17 24:19 24:20 24:25 25:25 26:25 26:26 28:26 28:27 28:30 29:30 32:30 32:35 51:45 51:46 51:48 51:56 53:56"
"امام بخش","نور بیگم",16,"19 20 21 25 26 27 28 29 30 31 36 50","24:14 24:15 24:16 24:17 24:18 24:19 24:27 25:27 26:27 28:27 28:29 29:29 32:29 32:30 32:40 51:49"
"امام بخش","چھیمو",4,"50 51 52 56","51:50 51:52 53:52 53:60"
"امام بخش","کنیز فاطمہ",14,"21 22 28 29 30 31 32 49 50 55 56","24:19 24:20 24:21 24:33 25:33 26:33 28:33 29:33 32:33 51:47 51:48 51:49 51:60 53:60"
"امام بخش","گوبند سنگھ",2,"56 57","51:61 53:61"
"امیر بخش","اچو شیخ",14,"6 8 12 18 22 42 88 89 90 94","4:9 8:9 15:9 15:21 16:21 23:21 46:38 46:39 83:93 84:93 85:93 86:93 87:93 95:93"
"امیر بخش","بخت جہان",65,"2 3 4 6 7 8 12 13 14 15 16 19 20 21 23 25 26 41 42 44 45 46 48 49 50 64 65 67 68 69 76 77 78 79 80 85 86 87 88 92 93 94","4:1 4:2 4:3 4:4 8:4 8:5 8:6 8:7 8:9 15:9 15:10 15:11 15:13 15:14 15:15 16:15 16:16 23:16 23:17 23:18 23:19 23:20 23:24 26:24 26:25 26:27 46:37 46:39 46:42 46:44 46:45 46:46 50:46 50:47 50:48 50:49 50:50 69:60 69:61 69:62 69:66 69:68 69:69 81:71 81:72 81:73 81:74 81:75 81:76 81:77 81:78 81:79 81:80 81:90 82:90 83:90 84:90 85:90 86:90 87:90 95:90 95:91 95:92 95:93 95:94"
"امیر بخش","بھاگ بھری",9,"3 4 6 55 64 65 71 77 79","4:3 4:4 8:4 50:60 69:60 69:61 69:74 81:74 81:78"
"امیر بخش","بہشت بی بی",22,"2 19 23 24 25 26 43 48 50 66 67 86 87 88 89 93 94","4:1 15:23 16:23 23:23 26:23 26:25 26:27 46:40 46:51 50:51 69:64 69:66 81:91 82:91 83:91 84:91 85:91 86:91 87:91 95:91 95:92 95:93"
"امیر بخش","جسونت سنگھ",2,"2 3","4:1 4:3"
"امیر بخش","حافظ جی",15,"5 7 10 13 26 28 50 52 64 66 67 69 77 78","4:7 8:7 8:12 15:12 23:30 26:30 46:54 50:54 69:60 69:64 69:65 69:70 81:74 81:75 81:76"
"امیر بخش","حیات بی بی",7,"20 24 25 27 48 50","15:25 16:25 23:25 26:25 26:29 46:51 50:51"
"امیر بخش","رابعہ بی بی",11,"81 83 84 85 86 91 95","81:81 82:81 82:84 83:84 84:84 85:84 85:86 86:86 87:86 87:96 95:96"
"امیر بخش","روشن بخش",23,"7 9 13 14 15 16 19 24 25 27 65 73 79 83 84 85 86 91 95","4:11 8:11 15:11 15:13 15:16 16:16 23:16 23:25 26:25 26:29 69:61 69:77 81:77 81:85 82:85 83:85 84:85 85:85 86:85 86:86 87:86 87:96 95:96"
"امیر بخش","زہراں بی بی",8,"85 86 87 88 92","81:89 82:89 83:89 84:89 85:89 86:89 87:89 95:89"
"امیر بخش","زینب بیگم",10,"3 5 7 8 11 12 15 16 19","4:2 4:7 8:7 8:8 15:8 15:9 15:15 16:15 16:16 23:16"
"امیر بخش","سکھ دیپ سنگھ",1,"2","4:1"
"امیر بخش","شیداں پاؤنڈوں والی",9,"6 8 11 19 20 23 25 48 50","4:8 8:8 15:8 15:24 16:24 23:24 26:24 46:51 50:51"
"امیر بخش","صاحباں",16,"5 7 9 12 13 17 21 22 27 28 41 42","4:6 8:6 8:10 15:10 15:12 15:19 16:19 23:19 23:20 23:21 23:31 26:31 46:36 46:37 46:38 46:39"
"امیر بخش","صغرا بی بی",23,"7 9 12 18 19 22 23 24 25 26 43 48 50 68 86 87 88 89 93","4:10 8:10 15:10 15:22 16:22 23:22 23:23 26:23 26:24 26:25 26:26 46:40 46:51 50:51 69:67 81:91 82:91 83:91 84:91 85:91 86:91 87:91 95:91"
"امیر بخش","عزیز جہان",4,"25 26 51 53","23:27 26:27 46:56 50:56"
"امیر بخش","غلام محمد",5,"4 6 65 73 79","4:5 8:5 69:61 69:78 81:78"
"امیر بخش","لبناں سنگھ",9,"45 46 48 49 65 73 79 80","46:45 46:46 50:46 50:47 50:48 69:61 69:77 81:77 81:79"
"امیر بخش","محمد جہان نمبردار",40,"5 7 8 12 13 15 16 20 21 24 25 26 43 45 46 48 49 53 64 66 67 68 69 80 85 86 87 88 92 93","4:7 8:7 8:9 15:9 15:11 15:15 16:15 16:17 23:17 23:19 23:20 23:25 26:25 26:26 46:40 46:45 46:46 50:46 50:48 50:56 69:59 69:63 69:64 69:65 69:66 69:67 69:68 69:70 81:80 81:89 82:89 83:89 84:89 85:89 86:89 87:89 95:89 95:90 95:91 95:92"
"امیر بخش","محکم دین",11,"81 83 84 85 86 91 95","81:81 82:81 82:84 83:84 84:84 85:84 85:86 86:86 87:86 87:96 95:96"
"امیر بخش","نور بیگم",20,"3 4 6 8 11 12 14 15 16 19 20 21 25 26 43 47 49","4:2 4:5 8:5 8:8 15:8 15:9 15:13 15:14 15:15 16:15 16:16 23:16 23:17 23:18 23:19 23:27 26:27 46:40 46:49 50:49"
"امیر بخش","پیر بخش",3,"8 10 13","4:12 8:12 15:12"
"امیر بخش","چھیمو",3,"48 50 64","46:50 50:50 69:60"
"امیر بخش","کنیز فاطمہ",35,"3 4 6 7 8 12 13 17 21 22 28 29 41 46 48 49 55 64 65 66 69 76 77 78 79 80","4:2 4:3 4:5 8:5 8:7 8:9 15:9 15:10 15:11 15:12 15:19 16:19 23:19 23:20 23:21 23:33 26:33 46:36 46:37 46:47 50:47 50:48 50:49 50:60 69:60 69:61 69:64 69:69 81:71 81:73 81:74 81:76 81:77 81:78 81:79"
"امیر بخش","گوبند سنگھ",7,"3 4 6 65 72 78 79","4:2 4:5 8:5 69:61 69:75 81:75 81:78"
"اچو شیخ","بخت جہان",29,"5 6 7 8 9 16 17 18 19 20 22 33 34 36 37 38 39 91 92 93","9:1 9:2 9:3 9:4 9:5 9:6 9:7 9:9 21:11 21:13 21:14 21:15 21:16 21:17 21:18 21:19 21:20 21:24 38:28 38:29 38:31 38:35 38:37 38:39 39:39 93:90 93:91 93:92 93:93"
"اچو شیخ","بھاگ بھری",2,"6","9:3 9:4"
"اچو شیخ","بہشت بی بی",7,"5 22 39 92 93","9:1 21:23 38:40 39:40 93:91 93:92 93:93"
"اچو شیخ","جسونت سنگھ",2,"5 6","9:1 9:3"
"اچو شیخ","حافظ جی",8,"8 10 16 25 34 35 36","9:7 9:12 21:12 21:30 38:30 38:32 38:33 38:34"
"اچو شیخ","حیات بی بی",2,"23 33","21:25 38:29"
"اچو شیخ","رابعہ بی بی",3,"88 89 94","93:84 93:86 93:96"
"اچو شیخ","روشن بخش",12,"10 16 17 18 23 33 34 35 36 89 94","9:11 21:11 21:13 21:16 21:25 38:29 38:31 38:32 38:34 93:85 93:86 93:96"
"اچو شیخ","زہراں بی بی",1,"91","93:89"
"اچو شیخ","زینب بیگم",6,"5 8 9 18","9:2 9:7 9:8 9:9 21:15 21:16"
"اچو شیخ","سکھ دیپ سنگھ",1,"5","9:1"
"اچو شیخ","شیداں پاؤنڈوں والی",2,"8 22","9:8 21:24"
"اچو شیخ","صاحباں",15,"7 9 16 20 21 34 35 36 37 38 39","9:6 9:10 21:12 21:19 21:20 21:21 38:31 38:33 38:34 38:35 38:36 38:37 38:38 39:38 39:39"
"اچو شیخ","صغرا بی بی",9,"9 21 33 34 35 39 92","9:10 21:22 38:28 38:29 38:30 38:32 38:40 39:40 93:91"
"اچو شیخ","عزیز جہان",1,"24","21:27"
"اچو شیخ","غلام محمد",1,"7","9:5"
"اچو شیخ","لبناں سنگھ",2,"41 42","38:45 39:45"
"اچو شیخ","محمد جہان نمبردار",16,"8 9 16 18 19 20 23 34 36 39 91 92","9:7 9:9 21:11 21:15 21:17 21:19 21:20 21:25 38:30 38:35 38:40 39:40 93:89 93:90 93:91 93:92"
"اچو شیخ","محکم دین",3,"88 89 94","93:84 93:86 93:96"
"اچو شیخ","نور بیگم",16,"5 7 8 9 17 18 19 20 24 33 34 39","9:2 9:5 9:8 9:9 21:13 21:14 21:15 21:16 21:17 21:18 21:19 21:27 38:29 38:30 38:40 39:40"
"اچو شیخ","پیر بخش",2,"10 16","9:12 21:12"
"اچو شیخ","کنیز فاطمہ",16,"5 6 7 8 9 16 20 21 35 36 37 42 43","9:2 9:3 9:5 9:7 9:9 21:11 21:12 21:19 21:20 21:21 38:33 38:35 38:36 38:37 38:47 39:47"
"اچو شیخ","گوبند سنگھ",2,"5 7","9:2 9:5"
"بخت جہان","بھاگ بھری",28,"2 3 4 55 56 58 60 61 70 71 72 73 74 76 77 78","1:3 2:3 3:3 4:3 4:4 5:4 50:60 52:60 53:60 56:60 60:60 61:60 61:61 62:61 66:74 68:74 69:74 70:74 71:74 72:74 73:74 74:74 75:74 75:78 76:78 77:78 78:78 79:78"
"بخت جہان","بہشت بی بی",44,"1 18 19 20 21 23 24 25 26 27 35 37 38 39 41 46 47 48 49 50 51 60 62 63 65 66 67 90 91 92 93","1:1 2:1 13:23 14:23 15:23 16:23 17:23 18:23 19:23 20:23 24:23 24:25 25:25 27:25 27:27 28:27 31:40 35:40 37:40 39:40 42:40 42:51 44:51 45:51 46:51 47:51 48:51 49:51 50:51 52:51 56:64 60:64 61:64 62:64 66:64 66:66 68:66 90:91 91:91 92:91 92:92 93:92 93:93 94:93"
"بخت جہان","جسونت سنگھ",5,"1 2 3","1:1 2:1 2:3 3:3 4:3"
"بخت جہان","حافظ جی",54,"4 5 6 7 8 10 11 12 25 27 28 29 30 31 33 34 49 50 51 52 53 55 58 60 62 63 65 68 69 70 72 73 74 75 76","1:7 2:7 3:7 4:7 5:7 6:7 7:7 9:7 9:12 10:12 11:12 13:12 20:30 24:30 25:30 27:30 28:30 29:30 31:30 31:32 35:32 35:33 35:34 44:54 45:54 46:54 47:54 48:54 49:54 50:54 52:54 53:54 56:54 56:60 60:60 61:60 61:64 62:64 66:64 66:65 66:70 68:70 69:70 70:70 71:70 71:74 72:74 73:74 74:74 75:74 75:75 76:75 76:76 77:76"
"بخت جہان","حیات بی بی",25,"20 21 22 24 25 26 28 29 30 46 47 48 49 50 51 52 53 54","15:25 16:25 17:25 18:25 19:25 20:25 24:25 25:25 27:25 27:29 28:29 29:29 31:29 42:51 44:51 45:51 46:51 47:51 48:51 49:51 50:51 52:51 52:53 53:53 56:53"
"بخت جہان","رابعہ بی بی",18,"76 77 78 79 80 85 87 88 93 94 95","71:81 72:81 73:81 74:81 75:81 76:81 77:81 78:81 79:81 80:81 90:81 90:84 90:86 90:96 91:96 92:96 93:96 94:96"
"بخت جہان","روشن بخش",59,"6 7 8 9 10 11 12 13 15 16 21 22 24 25 26 28 29 30 31 33 34 56 57 58 60 61 72 73 74 75 76 77 81 82 87 88 93 94 95","1:11 2:11 3:11 4:11 5:11 6:11 7:11 9:11 10:11 11:11 13:11 13:13 14:13 14:16 15:16 16:16 17:16 17:25 18:25 19:25 20:25 24:25 25:25 27:25 27:29 28:29 29:29 31:29 31:31 35:31 35:32 35:34 52:61 53:61 56:61 60:61 61:61 62:61 68:77 69:77 70:77 71:77 72:77 73:77 74:77 75:77 76:77 77:77 78:77 78:85 79:85 80:85 90:85 90:86 90:96 91:96 92:96 93:96 94:96"
"بخت جہان","زہراں بی بی",3,"84 89","79:89 80:89 90:89"
"بخت جہان","زینب بیگم",20,"1 2 5 6 7 8 9 12 13 14 15 16","1:2 2:2 3:2 3:7 4:7 5:7 6:7 7:7 9:7 9:8 9:9 10:9 10:15 11:15 13:15 14:15 15:15 16:15 16:16 17:16"
"بخت جہان","سکھ دیپ سنگھ",2,"1","1:1 2:1"
"بخت جہان","شیداں پاؤنڈوں والی",29,"4 5 6 7 8 19 20 21 22 24 46 47 48 49 50 51 52 53 54","1:8 2:8 3:8 4:8 5:8 6:8 7:8 9:8 14:24 15:24 16:24 17:24 18:24 19:24 20:24 24:24 25:24 42:51 44:51 45:51 46:51 47:51 48:51 49:51 50:51 52:51 52:53 53:53 56:53"
"بخت جہان","صاحباں",41,"3 4 5 6 8 9 10 11 12 16 17 18 19 20 22 27 28 29 30 31 33 34 35 36 37 38 39 40","1:6 2:6 3:6 4:6 5:6 6:6 7:6 7:10 9:10 10:10 11:10 11:12 13:12 13:19 14:19 15:19 16:19 17:19 18:19 19:19 20:19 20:20 24:20 24:21 24:31 25:31 27:31 28:31 29:31 31:31 35:31 35:33 35:34 35:35 37:35 37:36 37:37 39:37 39:38 39:39 42:39"
"بخت جہان","صغرا بی بی",60,"5 6 7 8 9 10 17 18 19 20 21 23 24 25 26 27 28 29 30 31 33 37 38 39 41 46 47 48 49 50 51 52 53 54 55 63 64 66 67 90 91","1:10 2:10 3:10 4:10 5:10 6:10 7:10 9:10 10:10 11:10 13:22 14:22 15:22 16:22 17:22 18:22 19:22 20:22 24:22 24:23 24:24 25:24 25:25 27:25 27:26 27:27 28:27 28:28 29:28 29:29 31:29 31:30 31:32 35:32 35:40 37:40 39:40 42:40 42:51 44:51 45:51 46:51 47:51 48:51 49:51 50:51 52:51 52:53 53:53 56:53 56:54 56:55 60:67 61:67 62:67 66:67 68:67 90:91 91:91 92:91"
"بخت جہان","عزیز جہان",17,"22 23 25 26 27 51 52 53 54 56 58","17:27 18:27 19:27 20:27 24:27 25:27 27:27 28:27 46:56 47:56 48:56 49:56 50:56 52:56 53:56 56:56 60:56"
"بخت جہان","غلام محمد",24,"3 4 5 56 57 58 60 61 73 74 75 76 77 78","1:5 2:5 3:5 4:5 5:5 6:5 52:61 53:61 56:61 60:61 61:61 62:61 68:78 69:78 70:78 71:78 72:78 73:78 74:78 75:78 76:78 77:78 78:78 79:78"
"بخت جہان","لبناں سنگھ",33,"40 41 42 43 44 45 46 47 48 56 57 58 60 61 72 73 74 75 76 77 78 79","35:45 37:45 39:45 42:45 44:45 45:45 46:45 46:46 47:46 47:47 48:47 48:48 49:48 52:61 53:61 56:61 60:61 61:61 62:61 68:77 69:77 70:77 71:77 72:77 73:77 74:77 75:77 76:77 77:77 78:77 78:79 79:79 80:79"
"بخت جہان","محمد جہان نمبردار",90,"4 5 6 7 8 9 10 11 12 14 15 16 17 18 19 20 22 24 25 26 27 29 30 33 35 36 38 39 41 43 44 45 46 47 48 52 53 54 56 58 59 61 62 64 65 66 67 68 69 70 75 76 77 78 79 80 85 89 90 91 92","1:7 2:7 3:7 4:7 5:7 6:7 7:7 9:7 9:9 10:9 10:11 11:11 13:11 13:15 14:15 15:15 16:15 16:17 17:17 18:17 18:19 19:19 20:19 20:20 24:20 24:25 25:25 27:25 27:26 27:27 28:27 28:30 29:30 31:30 31:35 35:35 37:35 37:40 39:40 42:40 42:45 44:45 45:45 46:45 46:46 47:46 47:48 48:48 49:48 49:56 50:56 52:56 53:56 56:56 60:56 60:57 60:58 60:59 60:63 61:63 62:63 66:63 66:64 66:65 66:66 68:66 68:67 68:68 69:68 69:70 70:70 71:70 71:80 72:80 73:80 74:80 75:80 76:80 77:80 78:80 79:80 80:80 90:80 90:89 90:90 91:90 91:91 92:91 92:92 93:92"
"بخت جہان","محکم دین",18,"76 77 78 79 80 85 87 88 93 94 95","71:81 72:81 73:81 74:81 75:81 76:81 77:81 78:81 79:81 80:81 90:81 90:84 90:86 90:96 91:96 92:96 93:96 94:96"
"بخت جہان","نور بیگم",50,"1 2 4 5 7 8 9 11 12 13 14 15 16 17 18 19 23 25 26 27 28 29 30 35 37 38 39 41 45 46 47 48 49","1:2 2:2 3:2 3:5 4:5 5:5 6:5 6:8 7:8 9:8 9:9 10:9 10:13 11:13 13:13 14:13 14:14 15:14 15:15 16:15 16:16 17:16 17:17 18:17 18:18 19:18 19:19 20:19 20:27 24:27 25:27 27:27 28:27 28:29 29:29 31:29 31:30 31:40 35:40 37:40 39:40 42:40 42:49 44:49 45:49 46:49 47:49 48:49 49:49 50:49"
"بخت جہان","پیر بخش",10,"7 8 9 10 11 12","2:12 3:12 4:12 5:12 6:12 7:12 9:12 10:12 11:12 13:12"
"بخت جہان","چھیمو",15,"46 47 48 49 50 51 52 56 58 60","42:50 44:50 45:50 46:50 47:50 48:50 49:50 50:50 52:50 52:52 53:52 53:60 56:60 60:60 61:60"
"بخت جہان","کنیز فاطمہ",84,"1 2 3 4 5 6 7 8 9 10 11 12 16 17 18 19 20 22 28 29 30 31 32 34 35 36 37 38 43 44 45 46 47 48 49 55 56 58 60 61 63 65 67 68 69 70 71 72 73 74 75 76 77 78 79","1:2 2:2 3:2 3:3 4:3 4:5 5:5 6:5 6:7 7:7 9:7 9:9 10:9 10:10 11:10 11:11 13:11 13:12 13:19 14:19 15:19 16:19 17:19 18:19 19:19 20:19 20:20 24:20 24:21 24:33 25:33 27:33 28:33 29:33 31:33 35:33 35:35 37:35 37:36 37:37 39:37 39:47 42:47 44:47 45:47 46:47 47:47 48:47 48:48 49:48 49:49 50:49 50:60 52:60 53:60 56:60 60:60 61:60 61:61 62:61 62:64 66:64 66:69 68:69 69:69 70:69 70:70 71:70 71:71 72:71 72:73 73:73 74:73 74:74 75:74 75:76 76:76 77:76 77:77 78:77 78:78 79:78 79:79 80:79"
"بخت جہان","گوبند سنگھ",27,"1 2 4 5 56 57 58 60 61 70 71 72 73 74 75 77 78","1:2 2:2 3:2 3:5 4:5 5:5 6:5 52:61 53:61 56:61 60:61 61:61 62:61 66:75 68:75 69:75 70:75 71:75 72:75 73:75 74:75 75:75 76:75 76:78 77:78 78:78 79:78"
"بھاگ بھری","بہشت بی بی",6,"2 55 62 69 70","3:1 60:51 60:64 61:64 74:64 74:66"
"بھاگ بھری","جسونت سنگھ",3,"2 3","3:1 3:3 4:3"
"بھاگ بھری","حافظ جی",13,"5 57 60 62 69 72 74 76 77","3:7 4:7 60:54 60:60 61:60 61:64 74:64 74:65 74:70 74:74 78:74 78:75 78:76"
"بھاگ بھری","حیات بی بی",2,"55 56","60:51 60:53"
"بھاگ بھری","رابعہ بی بی",2,"77 79","74:81 78:81"
"بھاگ بھری","روشن بخش",7,"7 60 61 75 77 81","3:11 4:11 60:61 61:61 74:77 78:77 78:85"
"بھاگ بھری","زینب بیگم",3,"2 5","3:2 3:7 4:7"
"بھاگ بھری","سکھ دیپ سنگھ",1,"2","3:1"
"بھاگ بھری","شیداں پاؤنڈوں والی",4,"5 6 55 56","3:8 4:8 60:51 60:53"
"بھاگ بھری","صاحباں",2,"4 5","3:6 4:6"
"بھاگ بھری","صغرا بی بی",9,"6 7 55 56 57 63 64 70","3:10 4:10 60:51 60:53 60:54 60:55 60:67 61:67 74:67"
"بھاگ بھری","عزیز جہان",1,"58","60:56"
"بھاگ بھری","غلام محمد",6,"4 60 61 76 78","3:5 4:5 60:61 61:61 74:78 78:78"
"بھاگ بھری","لبناں سنگھ",5,"60 61 75 77 78","60:61 61:61 74:77 78:77 78:79"
"بھاگ بھری","محمد جہان نمبردار",16,"5 58 59 61 62 69 70 71 72 77 79","3:7 4:7 60:56 60:57 60:58 60:59 60:63 61:63 74:64 74:65 74:66 74:67 74:68 74:70 74:80 78:80"
"بھاگ بھری","محکم دین",2,"77 79","74:81 78:81"
"بھاگ بھری","نور بیگم",3,"2 4","3:2 3:5 4:5"
"بھاگ بھری","پیر بخش",2,"7 8","3:12 4:12"
"بھاگ بھری","چھیمو",4,"55 56 60","60:50 60:52 60:60 61:60"
"بھاگ بھری","کنیز فاطمہ",17,"2 3 4 60 61 69 71 72 73 74 76 77 78","3:2 3:3 4:3 4:5 60:60 61:60 61:61 74:64 74:69 74:70 74:71 74:73 74:74 78:74 78:76 78:77 78:78"
"بھاگ بھری","گوبند سنگھ",8,"2 4 60 61 74 76 78","3:2 3:5 4:5 60:61 61:61 74:75 78:75 78:78"
"بہشت بی بی","جسونت سنگھ",1,"1","1:1"
"بہشت بی بی","حافظ جی",15,"4 26 27 28 35 36 37 52 59 62 64 65 68","1:7 23:30 25:30 27:30 40:30 40:32 40:33 40:34 51:54 64:54 64:60 64:64 66:64 66:65 66:70"
"بہشت بی بی","حیات بی بی",5,"24 25 26 28 51","23:25 25:25 27:25 27:29 51:51"
"بہشت بی بی","رابعہ بی بی",6,"86 87 88 93 94","91:81 91:84 91:86 91:96 92:96 93:96"
"بہشت بی بی","روشن بخش",17,"6 18 19 24 25 26 28 35 36 37 56 62 88 93 94","1:11 23:13 23:16 23:25 25:25 27:25 27:29 40:31 40:32 40:34 51:61 64:61 91:85 91:86 91:96 92:96 93:96"
"بہشت بی بی","زہراں بی بی",1,"90","91:89"
"بہشت بی بی","زینب بیگم",3,"1 19","1:2 23:15 23:16"
"بہشت بی بی","سکھ دیپ سنگھ",1,"1","1:1"
"بہشت بی بی","شیداں پاؤنڈوں والی",4,"4 23 24 51","1:8 23:24 25:24 51:51"
"بہشت بی بی","صاحباں",15,"3 21 22 27 28 29 35 36 37 38 39","1:6 23:19 23:20 23:21 23:31 25:31 27:31 40:31 40:33 40:34 40:35 40:36 40:37 40:38 40:39"
"بہشت بی بی","صغرا بی بی",19,"5 22 23 24 25 26 27 35 36 40 51 59 65 66 91","1:10 23:22 23:23 25:23 25:24 25:25 27:25 27:26 27:27 40:30 40:32 40:40 51:51 64:54 64:55 64:67 66:67 91:91 92:91"
"بہشت بی بی","عزیز جہان",5,"25 26 27 53 60","23:27 25:27 27:27 51:56 64:56"
"بہشت بی بی","غلام محمد",3,"3 56 62","1:5 51:61 64:61"
"بہشت بی بی","لبناں سنگھ",7,"42 48 49 56 62","40:45 51:45 51:46 51:47 51:48 51:61 64:61"
"بہشت بی بی","محمد جہان نمبردار",32,"4 19 20 21 24 25 26 27 35 37 40 48 49 53 60 61 63 64 65 66 90 91 92","1:7 23:15 23:17 23:19 23:20 23:25 25:25 27:25 27:26 27:27 40:30 40:35 40:40 51:45 51:46 51:48 51:56 64:56 64:57 64:58 64:59 64:63 64:64 66:64 66:65 66:66 91:89 91:90 91:91 92:91 92:92 93:92"
"بہشت بی بی","محکم دین",6,"86 87 88 93 94","91:81 91:84 91:86 91:96 92:96 93:96"
"بہشت بی بی","نور بیگم",14,"1 18 19 20 21 25 26 27 35 40 50","1:2 23:13 23:14 23:15 23:16 23:17 23:18 23:19 23:27 25:27 27:27 40:30 40:40 51:49"
"بہشت بی بی","چھیمو",4,"45 50 51 62","40:50 51:50 51:52 64:60"
"بہشت بی بی","کنیز فاطمہ",21,"1 21 22 28 29 30 36 37 38 43 49 50 55 62 64 65 67","1:2 23:19 23:20 23:21 23:33 25:33 27:33 40:33 40:35 40:36 40:37 40:47 51:47 51:48 51:49 51:60 64:60 64:61 64:64 66:64 66:69"
"بہشت بی بی","گوبند سنگھ",4,"1 56 62 70","1:2 51:61 64:61 66:75"
"جسونت سنگھ","حافظ جی",2,"4 5","1:7 3:7"
"جسونت سنگھ","روشن بخش",2,"6 7","1:11 3:11"
"جسونت سنگھ","زینب بیگم",3,"1 2 5","1:2 3:2 3:7"
"جسونت سنگھ","سکھ دیپ سنگھ",2,"1 2","1:1 3:1"
"جسونت سنگھ","شیداں پاؤنڈوں والی",2,"4 5","1:8 3:8"
"جسونت سنگھ","صاحباں",2,"3 4","1:6 3:6"
"جسونت سنگھ","صغرا بی بی",2,"5 6","1:10 3:10"
"جسونت سنگھ","غلام محمد",2,"3 4","1:5 3:5"
"جسونت سنگھ","محمد جہان نمبردار",2,"4 5","1:7 3:7"
"جسونت سنگھ","نور بیگم",3,"1 2 4","1:2 3:2 3:5"
"جسونت سنگھ","پیر بخش",1,"7","3:12"
"جسونت سنگھ","کنیز فاطمہ",3,"1 2 3","1:2 3:2 3:3"
"جسونت سنگھ","گوبند سنگھ",3,"1 2 4","1:2 3:2 3:5"
"حافظ جی","حیات بی بی",4,"27 29 52 53","30:25 30:29 54:51 54:53"
"حافظ جی","رابعہ بی بی",3,"77 78","74:81 75:81 76:81"
"حافظ جی","روشن بخش",18,"9 11 12 27 29 30 31 32 33 34 57 60 62 73 75 76","7:11 12:11 12:13 30:25 30:29 30:31 32:31 32:32 33:32 33:34 34:34 54:61 60:61 64:61 70:77 74:77 75:77 76:77"
"حافظ جی","زینب بیگم",6,"4 7 9 10 13","7:2 7:7 12:7 12:8 12:9 12:15"
"حافظ جی","سکھ دیپ سنگھ",1,"4","7:1"
"حافظ جی","شیداں پاؤنڈوں والی",5,"7 10 27 52 53","7:8 12:8 30:24 54:51 54:53"
"حافظ جی","صاحباں",12,"6 8 11 12 25 30 31 32 33 34","7:6 7:10 12:10 12:12 30:20 30:21 30:31 32:31 32:33 33:33 34:33 34:34"
"حافظ جی","صغرا بی بی",26,"8 11 17 26 27 28 29 30 31 32 36 37 52 53 54 57 63 65 66 68","7:10 12:10 12:22 30:22 30:23 30:24 30:25 30:26 30:27 30:28 30:29 30:30 32:30 32:32 33:32 33:40 34:40 54:51 54:53 54:54 60:54 60:55 60:67 64:67 65:67 70:67"
"حافظ جی","عزیز جہان",3,"28 55 58","30:27 54:56 60:56"
"حافظ جی","غلام محمد",8,"6 57 60 62 74 76 77","7:5 54:61 60:61 64:61 70:78 74:78 75:78 76:78"
"حافظ جی","لبناں سنگھ",11,"49 50 51 57 60 62 73 75 76","54:45 54:46 54:47 54:48 54:61 60:61 64:61 70:77 74:77 75:77 76:77"
"حافظ جی","محمد جہان نمبردار",36,"7 9 10 11 13 25 27 28 30 31 33 34 49 50 51 55 58 59 61 63 64 65 67 68 69 70 72 77 78","7:7 12:7 12:9 12:11 12:15 30:20 30:25 30:26 30:27 30:30 32:30 32:35 33:35 34:35 54:45 54:46 54:48 54:56 60:56 60:57 60:58 60:59 60:63 64:63 64:64 65:64 65:65 70:65 70:66 70:67 70:68 70:70 74:70 74:80 75:80 76:80"
"حافظ جی","محکم دین",3,"77 78","74:81 75:81 76:81"
"حافظ جی","نور بیگم",14,"4 6 7 10 12 28 29 30 31 36 37 51","7:2 7:5 7:8 12:8 12:9 12:13 30:27 30:29 30:30 32:30 32:40 33:40 34:40 54:49"
"حافظ جی","پیر بخش",2,"9 12","7:12 12:12"
"حافظ جی","چھیمو",5,"52 53 57 60 62","54:50 54:52 54:60 60:60 64:60"
"حافظ جی","کنیز فاطمہ",35,"4 5 6 7 9 10 11 12 25 31 32 33 34 50 51 57 60 62 64 67 69 70 72 73 74 75 76","7:2 7:3 7:5 7:7 12:7 12:9 12:10 12:11 12:12 30:20 30:21 30:33 32:33 33:33 34:33 34:35 54:47 54:48 54:49 54:60 60:60 64:60 64:61 64:64 65:64 65:69 70:69 70:70 74:70 74:71 74:73 74:74 75:74 75:76 76:76"
"حافظ جی","گوبند سنگھ",11,"4 6 57 60 62 70 72 74 75 77","7:2 7:5 54:61 60:61 64:61 65:75 70:75 74:75 75:75 76:75 76:78"
"حیات بی بی","روشن بخش",6,"20 25 27 29 56 57","25:16 25:25 29:25 29:29 51:61 53:61"
"حیات بی بی","زینب بیگم",2,"20","25:15 25:16"
"حیات بی بی","شیداں پاؤنڈوں والی",4,"24 51 52 53","25:24 51:51 53:51 53:53"
"حیات بی بی","صاحباں",5,"22 23 28 30","25:19 25:20 25:21 25:31 29:31"
"حیات بی بی","صغرا بی بی",12,"23 24 25 27 28 29 51 52 53","25:22 25:23 25:24 25:25 29:25 29:26 29:27 29:28 29:29 51:51 53:51 53:53"
"حیات بی بی","عزیز جہان",4,"26 28 53 54","25:27 29:27 51:56 53:56"
"حیات بی بی","غلام محمد",2,"56 57","51:61 53:61"
"حیات بی بی","لبناں سنگھ",6,"48 49 56 57","51:45 51:46 51:47 51:48 51:61 53:61"
"حیات بی بی","محمد جہان نمبردار",14,"20 21 22 25 27 28 29 48 49 53 54","25:15 25:17 25:19 25:20 25:25 29:25 29:26 29:27 29:30 51:45 51:46 51:48 51:56 53:56"
"حیات بی بی","نور بیگم",9,"20 21 22 26 28 29 50","25:15 25:16 25:17 25:18 25:19 25:27 29:27 29:29 51:49"
"حیات بی بی","چھیمو",4,"50 51 52 56","51:50 51:52 53:52 53:60"
"حیات بی بی","کنیز فاطمہ",10,"22 23 29 31 49 50 55 56","25:19 25:20 25:21 25:33 29:33 51:47 51:48 51:49 51:60 53:60"
"حیات بی بی","گوبند سنگھ",2,"56 57","51:61 53:61"
"رابعہ بی بی","روشن بخش",7,"79 83 84 85 86 91 96","81:77 81:85 84:85 86:85 86:86 96:86 96:96"
"رابعہ بی بی","زہراں بی بی",4,"85 86 87 92","81:89 84:89 86:89 96:89"
"رابعہ بی بی","صغرا بی بی",4,"86 87 88 93","81:91 84:91 86:91 96:91"
"رابعہ بی بی","غلام محمد",1,"79","81:78"
"رابعہ بی بی","لبناں سنگھ",2,"79 80","81:77 81:79"
"رابعہ بی بی","محمد جہان نمبردار",8,"80 85 86 87 92 93 94","81:80 81:89 84:89 86:89 96:89 96:90 96:91 96:92"
"رابعہ بی بی","محکم دین",7,"81 82 84 85 86 91 96","81:81 84:81 84:84 86:84 86:86 96:86 96:96"
"رابعہ بی بی","کنیز فاطمہ",7,"76 77 78 79 80","81:71 81:73 81:74 81:76 81:77 81:78 81:79"
"رابعہ بی بی","گوبند سنگھ",2,"78 79","81:75 81:78"
"روشن بخش","زہراں بی بی",3,"87 92","85:89 86:89 96:89"
"روشن بخش","زینب بیگم",9,"6 9 10 13 14 15 16 20","11:2 11:7 11:8 11:9 11:15 13:15 16:15 16:16 25:16"
"روشن بخش","سکھ دیپ سنگھ",1,"6","11:1"
"روشن بخش","شیداں پاؤنڈوں والی",5,"9 20 24 56 57","11:8 16:24 25:24 61:51 61:53"
"روشن بخش","صاحباں",16,"8 10 11 12 16 17 22 23 28 30 31 32 33 34","11:6 11:10 11:12 13:12 13:19 16:19 25:19 25:20 25:21 25:31 29:31 31:31 32:31 32:33 34:33 34:34"
"روشن بخش","صغرا بی بی",27,"10 17 19 23 24 25 27 28 29 30 31 32 33 37 56 57 58 64 72 88 93","11:10 13:22 16:22 25:22 25:23 25:24 25:25 29:25 29:26 29:27 29:28 29:29 31:29 31:30 31:32 32:32 34:32 34:40 61:51 61:53 61:54 61:55 61:67 77:67 85:91 86:91 96:91"
"روشن بخش","عزیز جہان",3,"26 28 58","25:27 29:27 61:56"
"روشن بخش","غلام محمد",4,"8 61 77 81","11:5 61:61 77:78 85:78"
"روشن بخش","لبناں سنگھ",4,"61 77 81 82","61:61 77:77 85:77 85:79"
"روشن بخش","محمد جہان نمبردار",35,"9 10 11 12 14 15 16 21 22 25 27 28 29 30 33 34 58 59 60 62 72 73 78 82 87 92 93 94","11:7 11:9 11:11 13:11 13:15 16:15 16:17 25:17 25:19 25:20 25:25 29:25 29:26 29:27 29:30 31:30 31:35 32:35 34:35 61:56 61:57 61:58 61:59 61:63 77:67 77:68 77:70 77:80 85:80 85:89 86:89 96:89 96:90 96:91 96:92"
"روشن بخش","محکم دین",7,"79 83 84 85 86 91 96","77:81 85:81 85:84 85:86 86:86 96:86 96:96"
"روشن بخش","نور بیگم",22,"6 8 9 10 12 13 14 15 16 20 21 22 26 28 29 30 35 36 37","11:2 11:5 11:8 11:9 11:13 13:13 16:13 16:14 16:15 16:16 25:16 25:17 25:18 25:19 25:27 29:27 29:29 31:29 31:30 31:40 32:40 34:40"
"روشن بخش","پیر بخش",2,"11 12","11:12 13:12"
"روشن بخش","چھیمو",2,"56 60","61:52 61:60"
"روشن بخش","کنیز فاطمہ",32,"6 7 8 9 10 11 12 16 17 22 23 29 31 32 33 34 60 61 73 74 75 76 77 81 82","11:2 11:3 11:5 11:7 11:9 11:10 11:11 13:11 13:12 13:19 16:19 25:19 25:20 25:21 25:33 29:33 31:33 32:33 34:33 34:35 61:60 61:61 77:69 77:70 77:71 77:73 77:74 77:76 77:77 85:77 85:78 85:79"
"روشن بخش","گوبند سنگھ",6,"6 8 61 76 77 81","11:2 11:5 61:61 77:75 77:78 85:78"
"زہراں بی بی","صغرا بی بی",1,"90","89:91"
"زہراں بی بی","لبناں سنگھ",1,"84","89:79"
"زہراں بی بی","محمد جہان نمبردار",2,"84 89","89:80 89:89"
"زہراں بی بی","محکم دین",4,"85 86 87 92","89:81 89:84 89:86 89:96"
"زہراں بی بی","کنیز فاطمہ",1,"84","89:79"
"زینب بیگم","سکھ دیپ سنگھ",1,"1","2:1"
"زینب بیگم","شیداں پاؤنڈوں والی",6,"5 7 8 19 20","2:8 7:8 8:8 9:8 15:24 16:24"
"زینب بیگم","صاحباں",9,"4 6 8 9 12 13 17","2:6 7:6 7:10 8:10 9:10 15:10 15:12 15:19 16:19"
"زینب بیگم","صغرا بی بی",7,"6 8 9 12 18 19","2:10 7:10 8:10 9:10 15:10 15:22 16:22"
"زینب بیگم","غلام محمد",2,"3 6","2:5 7:5"
"زینب بیگم","محمد جہان نمبردار",10,"4 7 8 9 12 13 15 16","2:7 7:7 8:7 8:9 9:9 15:9 15:11 15:15 16:15 16:17"
"زینب بیگم","نور بیگم",13,"2 4 6 7 8 9 12 14 15 16","2:2 7:2 7:5 7:8 8:8 9:8 9:9 15:9 15:13 15:14 15:15 16:15 16:16"
"زینب بیگم","پیر بخش",5,"7 9 10 13","2:12 7:12 8:12 9:12 15:12"
"زینب بیگم","کنیز فاطمہ",14,"2 4 5 6 7 8 9 12 13 17","2:2 7:2 7:3 7:5 7:7 8:7 8:9 9:9 15:9 15:10 15:11 15:12 15:19 16:19"
"زینب بیگم","گوبند سنگھ",3,"2 4 6","2:2 7:2 7:5"
"سکھ دیپ سنگھ","شیداں پاؤنڈوں والی",1,"4","1:8"
"سکھ دیپ سنگھ","صاحباں",1,"3","1:6"
"سکھ دیپ سنگھ","صغرا بی بی",1,"5","1:10"
"سکھ دیپ سنگھ","غلام محمد",1,"3","1:5"
"سکھ دیپ سنگھ","محمد جہان نمبردار",1,"4","1:7"
"سکھ دیپ سنگھ","نور بیگم",1,"1","1:2"
"سکھ دیپ سنگھ","کنیز فاطمہ",1,"1","1:2"
"سکھ دیپ سنگھ","گوبند سنگھ",1,"1","1:2"
"شیداں پاؤنڈوں والی","صاحباں",6,"7 9 21 22 27","8:6 8:10 24:19 24:20 24:21 24:31"
"شیداں پاؤنڈوں والی","صغرا بی بی",7,"9 23 24 51 52 53","8:10 24:22 24:23 24:24 51:51 53:51 53:53"
"شیداں پاؤنڈوں والی","عزیز جہان",3,"25 53 54","24:27 51:56 53:56"
"شیداں پاؤنڈوں والی","غلام محمد",3,"6 56 57","8:5 51:61 53:61"
"شیداں پاؤنڈوں والی","لبناں سنگھ",6,"48 49 56 57","51:45 51:46 51:47 51:48 51:61 53:61"
"شیداں پاؤنڈوں والی","محمد جہان نمبردار",12,"7 8 19 20 21 22 24 48 49 53 54","8:7 8:9 24:15 24:17 24:19 24:20 24:25 51:45 51:46 51:48 51:56 53:56"
"شیداں پاؤنڈوں والی","نور بیگم",11,"5 6 8 19 20 21 25 50","8:2 8:5 8:8 24:14 24:15 24:16 24:17 24:18 24:19 24:27 51:49"
"شیداں پاؤنڈوں والی","پیر بخش",1,"10","8:12"
"شیداں پاؤنڈوں والی","چھیمو",4,"50 51 52 56","51:50 51:52 53:52 53:60"
"شیداں پاؤنڈوں والی","کنیز فاطمہ",14,"5 6 7 8 21 22 28 49 50 55 56","8:2 8:3 8:5 8:7 8:9 24:19 24:20 24:21 24:33 51:47 51:48 51:49 51:60 53:60"
"شیداں پاؤنڈوں والی","گوبند سنگھ",4,"5 6 56 57","8:2 8:5 51:61 53:61"
"صاحباں","صغرا بی بی",25,"8 10 11 17 20 21 26 27 28 29 30 31 32 36 37 38 39","6:10 10:10 12:10 12:22 19:22 20:22 21:22 31:22 31:23 31:24 31:25 31:26 31:27 31:28 31:29 31:30 31:32 33:32 33:40 34:40 35:40 36:40 37:40 38:40 39:40"
"صاحباں","عزیز جہان",4,"23 24 29","19:27 20:27 21:27 31:27"
"صاحباں","غلام محمد",1,"5","6:5"
"صاحباں","لبناں سنگھ",5,"40 41 42","35:45 36:45 37:45 38:45 39:45"
"صاحباں","محمد جہان نمبردار",26,"6 8 9 10 11 13 17 18 19 20 23 28 29 30 33 34 35 38 39","6:7 10:7 10:9 10:11 12:11 12:15 19:15 19:17 19:19 20:19 20:20 21:20 21:25 31:25 31:26 31:27 31:30 31:35 33:35 34:35 35:35 36:35 36:40 37:40 38:40 39:40"
"صاحباں","نور بیگم",28,"4 5 7 9 11 12 16 17 18 19 23 24 29 30 35 36 37 38 39","6:2 6:5 6:8 10:8 10:9 10:13 12:13 19:13 19:14 19:15 19:16 19:17 19:18 19:19 20:19 20:27 21:27 31:27 31:29 31:30 31:40 33:40 34:40 35:40 36:40 37:40 38:40 39:40"
"صاحباں","پیر بخش",4,"9 11 12 15","6:12 10:12 12:12 19:12"
"صاحباں","کنیز فاطمہ",29,"4 5 6 8 9 10 11 12 15 19 20 21 26 32 33 34 35 36 37 42 43","6:2 6:3 6:5 6:7 10:7 10:9 10:10 12:10 12:11 12:12 19:12 19:19 20:19 20:20 21:20 21:21 31:21 31:33 33:33 34:33 34:35 35:35 36:35 36:36 37:36 37:37 38:37 38:47 39:47"
"صاحباں","گوبند سنگھ",2,"4 5","6:2 6:5"
"صغرا بی بی","عزیز جہان",11,"24 25 26 27 53 54 55","22:27 23:27 24:27 25:27 26:27 27:27 28:27 51:56 53:56 54:56 55:56"
"صغرا بی بی","غلام محمد",6,"7 56 57 58 64","10:5 51:61 53:61 54:61 55:61 67:61"
"صغرا بی بی","لبناں سنگھ",11,"42 48 49 56 57 58 64 72","40:45 51:45 51:46 51:47 51:48 51:61 53:61 54:61 55:61 67:61 67:77"
"صغرا بی بی","محمد جہان نمبردار",41,"8 9 10 18 19 20 21 23 24 25 26 27 29 30 31 33 37 40 48 49 53 54 55 62 63 65 66 67 90 91","10:7 10:9 10:11 22:15 22:17 22:19 22:20 22:25 23:25 24:25 25:25 26:25 26:26 27:26 27:27 28:27 28:30 29:30 30:30 32:30 32:35 40:35 40:40 51:45 51:46 51:48 51:56 53:56 54:56 55:56 67:57 67:58 67:59 67:63 67:64 67:65 67:66 67:67 91:89 91:90 91:91"
"صغرا بی بی","محکم دین",4,"86 87 88 93","91:81 91:84 91:86 91:96"
"صغرا بی بی","نور بیگم",27,"6 7 9 11 17 18 19 20 24 25 26 27 28 29 30 31 36 40 50","10:2 10:5 10:8 10:9 10:13 22:13 22:14 22:15 22:16 22:17 22:18 22:19 22:27 23:27 24:27 25:27 26:27 27:27 28:27 28:29 29:29 30:29 30:30 32:30 32:40 40:40 51:49"
"صغرا بی بی","پیر بخش",2,"11 17","10:12 22:12"
"صغرا بی بی","چھیمو",8,"45 50 51 52 56 57 63","40:50 51:50 51:52 53:52 53:60 54:60 55:60 67:60"
"صغرا بی بی","کنیز فاطمہ",35,"6 7 8 9 10 17 20 21 28 29 30 31 32 36 37 38 43 49 50 55 56 57 63 64 65 68","10:2 10:3 10:5 10:7 10:9 10:10 22:12 22:19 22:20 22:21 23:33 24:33 25:33 26:33 27:33 28:33 29:33 30:33 32:33 40:33 40:35 40:36 40:37 40:47 51:47 51:48 51:49 51:60 53:60 54:60 55:60 67:60 67:61 67:64 67:69"
"صغرا بی بی","گوبند سنگھ",8,"6 7 56 57 58 64 71","10:2 10:5 51:61 53:61 54:61 55:61 67:61 67:75"
"عزیز جہان","غلام محمد",1,"58","56:61"
"عزیز جہان","لبناں سنگھ",4,"51 52 58","56:46 56:47 56:48 56:61"
"عزیز جہان","محمد جہان نمبردار",9,"22 23 26 27 51 52 56","27:17 27:19 27:20 27:25 27:26 27:27 56:46 56:48 56:56"
"عزیز جہان","نور بیگم",5,"22 23 27 52","27:17 27:18 27:19 27:27 56:49"
"عزیز جہان","چھیمو",3,"53 54 58","56:50 56:52 56:60"
"عزیز جہان","کنیز فاطمہ",8,"23 24 30 51 52 58","27:19 27:20 27:21 27:33 56:47 56:48 56:49 56:60"
"عزیز جہان","گوبند سنگھ",1,"58","56:61"
"غلام محمد","لبناں سنگھ",3,"61 77 78","61:61 78:77 78:79"
"غلام محمد","محمد جہان نمبردار",9,"6 58 59 60 62 73 74 79","5:7 61:56 61:57 61:58 61:59 61:63 78:68 78:70 78:80"
"غلام محمد","محکم دین",1,"79","78:81"
"غلام محمد","نور بیگم",2,"3 5","5:2 5:5"
"غلام محمد","پیر بخش",1,"8","5:12"
"غلام محمد","چھیمو",2,"56 60","61:52 61:60"
"غلام محمد","کنیز فاطمہ",13,"3 4 5 60 61 73 74 75 76 77 78","5:2 5:3 5:5 61:60 61:61 78:69 78:70 78:71 78:73 78:74 78:76 78:77 78:78"
"غلام محمد","گوبند سنگھ",5,"3 5 61 76 78","5:2 5:5 61:61 78:75 78:78"
"لبناں سنگھ","محمد جہان نمبردار",18,"40 42 45 46 47 48 58 59 60 62 72 73 78 79","45:35 45:40 45:45 46:45 46:46 47:46 47:48 48:48 61:56 61:57 61:58 61:59 61:63 77:67 77:68 77:70 77:80 79:80"
"لبناں سنگھ","محکم دین",2,"79 80","77:81 79:81"
"لبناں سنگھ","نور بیگم",5,"42 47 48","45:40 45:49 46:49 47:49 48:49"
"لبناں سنگھ","چھیمو",6,"47 48 49 56 60","45:50 46:50 47:50 48:50 61:52 61:60"
"لبناں سنگھ","کنیز فاطمہ",20,"40 41 46 47 48 60 61 73 74 75 76 77 78 79","45:35 45:36 45:37 45:47 46:47 47:47 48:47 48:48 61:60 61:61 77:69 77:70 77:71 77:73 77:74 77:76 77:77 79:77 79:78 79:79"
"لبناں سنگھ","گوبند سنگھ",4,"61 76 77 78","61:61 77:75 77:78 79:78"
"محمد جہان نمبردار","محکم دین",8,"80 85 86 87 92 93 94","80:81 89:81 89:84 89:86 89:96 90:96 91:96 92:96"
"محمد جہان نمبردار","نور بیگم",32,"4 6 7 8 9 10 12 14 15 16 17 18 19 23 26 27 28 29 30 32 37 40 42 47 48 52","7:2 7:5 7:8 9:8 9:9 11:9 11:13 15:13 15:14 15:15 17:15 17:16 17:17 19:17 19:18 19:19 20:19 20:27 25:27 26:27 27:27 30:27 30:29 30:30 35:30 35:40 40:40 45:40 45:49 46:49 48:49 56:49"
"محمد جہان نمبردار","پیر بخش",4,"9 10 11 13","7:12 9:12 11:12 15:12"
"محمد جہان نمبردار","چھیمو",11,"45 47 48 49 53 54 58 59 61","40:50 45:50 46:50 48:50 56:50 56:52 56:60 57:60 58:60 59:60 63:60"
"محمد جہان نمبردار","کنیز فاطمہ",57,"4 5 6 7 8 9 10 11 13 17 18 19 20 22 23 29 30 31 34 35 37 38 43 46 47 48 52 58 59 61 62 63 64 67 68 69 70 75 76 77 78 79","7:2 7:3 7:5 7:7 9:7 9:9 11:9 11:10 11:11 15:11 15:12 15:19 17:19 19:19 20:19 20:20 25:20 25:21 25:33 26:33 27:33 30:33 35:33 35:35 40:35 40:36 40:37 40:47 45:47 46:47 48:47 48:48 56:48 56:49 56:60 57:60 58:60 59:60 63:60 63:61 63:64 64:64 65:64 65:69 66:69 67:69 68:69 70:69 70:70 80:70 80:71 80:73 80:74 80:76 80:77 80:78 80:79"
"محمد جہان نمبردار","گوبند سنگھ",14,"4 6 58 59 60 62 70 71 72 77 79","7:2 7:5 56:61 57:61 58:61 59:61 63:61 65:75 66:75 67:75 68:75 70:75 80:75 80:78"
"محکم دین","کنیز فاطمہ",7,"76 77 78 79 80","81:71 81:73 81:74 81:76 81:77 81:78 81:79"
"محکم دین","گوبند سنگھ",2,"78 79","81:75 81:78"
"نور بیگم","پیر بخش",5,"7 8 10 12","2:12 5:12 8:12 9:12 13:12"
"نور بیگم","چھیمو",2,"45 49","40:50 49:50"
"نور بیگم","کنیز فاطمہ",33,"2 3 4 5 6 7 8 9 11 12 16 17 18 19 23 24 30 31 36 37 38 43 48 49","2:2 5:2 5:3 5:5 8:5 8:7 8:9 9:9 13:9 13:10 13:11 13:12 13:19 14:19 15:19 16:19 17:19 18:19 19:19 27:19 27:20 27:21 27:33 29:33 30:33 40:33 40:35 40:36 40:37 40:47 49:47 49:48 49:49"
"نور بیگم","گوبند سنگھ",4,"2 3 5 6","2:2 5:2 5:5 8:5"
"پیر بخش","کنیز فاطمہ",8,"7 8 9 10 11 12","12:2 12:3 12:5 12:7 12:9 12:10 12:11 12:12"
"پیر بخش","گوبند سنگھ",2,"7 8","12:2 12:5"
"چھیمو","کنیز فاطمہ",6,"48 49 55 56 60","50:47 50:48 50:49 50:60 52:60 60:60"
"چھیمو","گوبند سنگھ",2,"56 60","52:61 60:61"
"کنیز فاطمہ","گوبند سنگھ",18,"2 4 5 6 60 61 62 72 73 74 75 77 78","2:2 3:2 3:5 5:5 7:5 60:61 61:61 64:61 69:75 70:75 71:75 73:75 74:75 76:75 76:78 77:78 78:78 79:78"
